"79.147.105.149","ES",-4.0,40.0,"AS3352 TELEFONICA DE ESPANA","mlab1-mad01",0.123168,892363.44,,"darwin","213.200.103.147","speedtest",1391475272,82959.29,0.128155,"304351f8-fb84-4af5-bf73-b0b1ade9cf8e",3352,"","",0,2,2014,1,4,"20140204"
"84.79.177.246","ES",-3.699,40.4875,"AS12479 France Telecom Espana SA","mlab1-mad01",0.042408,1010584.6,,"win32","213.200.103.147","speedtest",1391476971,65907.27,0.051269,"820c272b-6231-4abb-9cb1-a40fe0218b3c",12479,"29","Madrid",1,2,2014,1,4,"20140204"
"62.42.15.36","ES",-3.7859,43.4703,"AS6739 Cableuropa - ONO","mlab1-mad01",0.039626,7552100.5,,"darwin","213.200.103.147","speedtest",1391489878,1241719.2,0.043964,"e931b20e-0450-45e6-82da-cea061f37584",6739,"39","Santander",4,2,2014,1,4,"20140204"
"79.147.105.149","ES",-4.0,40.0,"AS3352 TELEFONICA DE ESPANA","mlab1-mad01",0.12625,751185.6,,"darwin","213.200.103.147","speedtest",1391498807,61732.637,0.132192,"304351f8-fb84-4af5-bf73-b0b1ade9cf8e",3352,"","",7,2,2014,1,4,"20140204"
"79.147.105.149","ES",-4.0,40.0,"AS3352 TELEFONICA DE ESPANA","mlab1-mad01",0.121473,871797.44,,"darwin","213.200.103.147","speedtest",1391500370,80688.41,0.127618,"304351f8-fb84-4af5-bf73-b0b1ade9cf8e",3352,"","",7,2,2014,1,4,"20140204"
"62.42.15.36","ES",-3.7859,43.4703,"AS6739 Cableuropa - ONO","mlab1-mad01",0.039407,5550362.5,,"darwin","213.200.103.147","speedtest",1391501568,1247507.0,0.044105,"e931b20e-0450-45e6-82da-cea061f37584",6739,"39","Santander",8,2,2014,1,4,"20140204"
"62.42.15.36","ES",-3.7859,43.4703,"AS6739 Cableuropa - ONO","mlab1-mad01",0.040051,6995435.5,,"darwin","213.200.103.147","speedtest",1391504473,1247579.9,0.045064,"e931b20e-0450-45e6-82da-cea061f37584",6739,"39","Santander",9,2,2014,1,4,"20140204"
"79.147.105.149","ES",-4.0,40.0,"AS3352 TELEFONICA DE ESPANA","mlab1-mad01",0.130462,880404.9,,"darwin","213.200.103.147","speedtest",1391509774,81180.66,0.13654,"304351f8-fb84-4af5-bf73-b0b1ade9cf8e",3352,"","",10,2,2014,1,4,"20140204"
"62.42.15.36","ES",-3.7859,43.4703,"AS6739 Cableuropa - ONO","mlab1-mad01",0.042393,4872548.5,,"darwin","213.200.103.147","speedtest",1391511758,1256407.9,0.047779,"e931b20e-0450-45e6-82da-cea061f37584",6739,"39","Santander",11,2,2014,1,4,"20140204"
"62.42.15.36","ES",-3.7859,43.4703,"AS6739 Cableuropa - ONO","mlab1-mad01",0.03961,6214862.5,,"darwin","213.200.103.147","speedtest",1391513208,1240817.1,0.045669,"e931b20e-0450-45e6-82da-cea061f37584",6739,"39","Santander",11,2,2014,1,4,"20140204"
"84.79.177.246","ES",-3.699,40.4875,"AS12479 France Telecom Espana SA","mlab1-mad01",0.051825,755619.44,,"win32","213.200.103.147","speedtest",1391514491,67423.305,0.058489,"820c272b-6231-4abb-9cb1-a40fe0218b3c",12479,"29","Madrid",11,2,2014,1,4,"20140204"
"81.35.99.85","ES",-0.3302,39.4617,"AS3352 TELEFONICA DE ESPANA","mlab1-mad01",4.85E-4,548541.8,,"win32","213.200.103.147","speedtest",1391517218,104681.266,0.119685,"f126dccc-72d7-44cf-9d18-7e2ca5f84cb5",3352,"60","Valencia",12,2,2014,1,4,"20140204"
"84.79.177.246","ES",-3.699,40.4875,"AS12479 France Telecom Espana SA","mlab1-mad01",0.041821,1100923.2,,"win32","213.200.103.147","speedtest",1391527239,66586.63,0.048379,"820c272b-6231-4abb-9cb1-a40fe0218b3c",12479,"29","Madrid",15,2,2014,1,4,"20140204"
"79.147.105.149","ES",-4.0,40.0,"AS3352 TELEFONICA DE ESPANA","mlab1-mad01",0.125236,894719.75,,"darwin","213.200.103.147","speedtest",1391528563,81523.586,0.131278,"304351f8-fb84-4af5-bf73-b0b1ade9cf8e",3352,"","",15,2,2014,1,4,"20140204"
"62.42.15.36","ES",-3.7859,43.4703,"AS6739 Cableuropa - ONO","mlab1-mad01",0.040143,7358416.5,,"darwin","213.200.103.147","speedtest",1391529273,1243997.9,0.044695,"e931b20e-0450-45e6-82da-cea061f37584",6739,"39","Santander",15,2,2014,1,4,"20140204"
"62.42.15.36","ES",-3.7859,43.4703,"AS6739 Cableuropa - ONO","mlab1-mad01",0.0433,6829856.5,,"darwin","213.200.103.147","speedtest",1391536560,1239265.5,0.047784,"e931b20e-0450-45e6-82da-cea061f37584",6739,"39","Santander",17,2,2014,1,4,"20140204"
"62.42.15.36","ES",-3.7859,43.4703,"AS6739 Cableuropa - ONO","mlab1-mad01",0.0487,3708620.8,,"darwin","213.200.103.147","speedtest",1391539474,755829.1,0.055728,"e931b20e-0450-45e6-82da-cea061f37584",6739,"39","Santander",18,2,2014,1,4,"20140204"
"79.155.115.40","ES",-0.3774,39.4698,"AS3352 TELEFONICA DE ESPANA","mlab1-mad01",6.01E-4,294325.03,,"win32","213.200.103.147","speedtest",1391546537,105412.68,0.154367,"f126dccc-72d7-44cf-9d18-7e2ca5f84cb5",3352,"60","Valencia",20,2,2014,1,4,"20140204"
"62.42.15.36","ES",-3.7859,43.4703,"AS6739 Cableuropa - ONO","mlab1-mad01",0.043469,6212498.0,,"darwin","213.200.103.147","speedtest",1391546764,1240642.6,0.047804,"e931b20e-0450-45e6-82da-cea061f37584",6739,"39","Santander",20,2,2014,1,4,"20140204"
"37.14.90.124","ES",2.4476,41.5419,"AS12715 Jazz Telecom S.A.","mlab1-mad01",0.097349,704093.25,,"win32","213.200.103.147","speedtest",1391547587,379758.06,0.092892,"82d99cde-4d85-47cc-b4fd-96c1da73e5ce",12715,"56","Matar�",20,2,2014,1,4,"20140204"
"80.30.66.193","ES",-0.4333,39.6833,"AS3352 TELEFONICA DE ESPANA","mlab1-mad01",5.98E-4,23467.41,,"win32","213.200.103.147","speedtest",1391548132,60601.79,0.214121,"f126dccc-72d7-44cf-9d18-7e2ca5f84cb5",3352,"60","Serra",21,2,2014,1,4,"20140204"
"80.30.66.193","ES",-0.4333,39.6833,"AS3352 TELEFONICA DE ESPANA","mlab1-mad01",4.53E-4,543076.9,,"win32","213.200.103.147","speedtest",1391549668,112859.4,0.154097,"f126dccc-72d7-44cf-9d18-7e2ca5f84cb5",3352,"60","Serra",21,2,2014,1,4,"20140204"
"62.42.15.36","ES",-3.7859,43.4703,"AS6739 Cableuropa - ONO","mlab1-mad01",0.041676,1181707.1,,"darwin","213.200.103.147","speedtest",1391555579,1237801.2,0.044138,"e931b20e-0450-45e6-82da-cea061f37584",6739,"39","Santander",23,2,2014,1,4,"20140204"
"84.79.177.246","ES",-3.699,40.4875,"AS12479 France Telecom Espana SA","mlab1-mad01",0.050029,935332.94,,"win32","213.200.103.147","speedtest",1391556623,66983.27,0.056563,"820c272b-6231-4abb-9cb1-a40fe0218b3c",12479,"29","Madrid",23,2,2014,1,4,"20140204"
"79.147.105.149","ES",-4.0,40.0,"AS3352 TELEFONICA DE ESPANA","mlab2-mad01",0.123407,883036.5,,"darwin","213.200.103.160","speedtest",1391558399,85947.32,0.121988,"304351f8-fb84-4af5-bf73-b0b1ade9cf8e",3352,"","",23,2,2014,1,4,"20140204"
"62.42.15.36","ES",-3.7859,43.4703,"AS6739 Cableuropa - ONO","mlab3-mad01",0.038849,7340661.5,,"darwin","213.200.103.173","speedtest",1391472375,1256856.5,0.043629,"e931b20e-0450-45e6-82da-cea061f37584",6739,"39","Santander",0,2,2014,1,4,"20140204"
"81.35.99.85","ES",-0.3302,39.4617,"AS3352 TELEFONICA DE ESPANA","mlab3-mad01",4.69E-4,963292.06,,"win32","213.200.103.173","speedtest",1391474116,111932.7,0.127038,"f126dccc-72d7-44cf-9d18-7e2ca5f84cb5",3352,"60","Valencia",0,2,2014,1,4,"20140204"
"62.42.15.36","ES",-3.7859,43.4703,"AS6739 Cableuropa - ONO","mlab3-mad01",0.042819,7877863.0,,"darwin","213.200.103.173","speedtest",1391482581,1246054.2,0.046335,"e931b20e-0450-45e6-82da-cea061f37584",6739,"39","Santander",2,2,2014,1,4,"20140204"
"62.42.15.36","ES",-3.7859,43.4703,"AS6739 Cableuropa - ONO","mlab3-mad01",0.039696,3960080.0,,"darwin","213.200.103.173","speedtest",1391484039,1227327.0,0.048022,"e931b20e-0450-45e6-82da-cea061f37584",6739,"39","Santander",3,2,2014,1,4,"20140204"
"79.147.105.149","ES",-4.0,40.0,"AS3352 TELEFONICA DE ESPANA","mlab3-mad01",0.142452,879123.56,,"darwin","213.200.103.173","speedtest",1391494092,52573.938,0.134756,"304351f8-fb84-4af5-bf73-b0b1ade9cf8e",3352,"","",6,2,2014,1,4,"20140204"
"62.42.15.36","ES",-3.7859,43.4703,"AS6739 Cableuropa - ONO","mlab3-mad01",0.041167,6094789.5,,"darwin","213.200.103.173","speedtest",1391503021,1228476.5,0.047241,"e931b20e-0450-45e6-82da-cea061f37584",6739,"39","Santander",8,2,2014,1,4,"20140204"
"81.35.99.85","ES",-0.3302,39.4617,"AS3352 TELEFONICA DE ESPANA","mlab3-mad01",3.66E-4,362169.25,,"win32","213.200.103.173","speedtest",1391506396,54616.543,0.598096,"f126dccc-72d7-44cf-9d18-7e2ca5f84cb5",3352,"60","Valencia",9,2,2014,1,4,"20140204"
"62.42.15.36","ES",-3.7859,43.4703,"AS6739 Cableuropa - ONO","mlab3-mad01",0.040109,6686841.0,,"darwin","213.200.103.173","speedtest",1391521973,1253468.4,0.044014,"e931b20e-0450-45e6-82da-cea061f37584",6739,"39","Santander",13,2,2014,1,4,"20140204"
"79.147.105.149","ES",-4.0,40.0,"AS3352 TELEFONICA DE ESPANA","mlab3-mad01",0.117279,907682.25,,"darwin","213.200.103.173","speedtest",1391533257,72070.03,0.122003,"304351f8-fb84-4af5-bf73-b0b1ade9cf8e",3352,"","",17,2,2014,1,4,"20140204"
"84.79.177.246","ES",-3.699,40.4875,"AS12479 France Telecom Espana SA","mlab3-mad01",0.042352,1094992.0,,"win32","213.200.103.173","speedtest",1391537541,69434.34,0.05432,"820c272b-6231-4abb-9cb1-a40fe0218b3c",12479,"29","Madrid",18,2,2014,1,4,"20140204"
"84.79.177.246","ES",-3.699,40.4875,"AS12479 France Telecom Espana SA","mlab3-mad01",0.050385,957647.56,,"win32","213.200.103.173","speedtest",1391543412,68211.914,0.056919,"820c272b-6231-4abb-9cb1-a40fe0218b3c",12479,"29","Madrid",19,2,2014,1,4,"20140204"
"62.42.15.36","ES",-3.7859,43.4703,"AS6739 Cableuropa - ONO","mlab3-mad01",0.04234,5505187.0,,"darwin","213.200.103.173","speedtest",1391545312,1230842.9,0.046973,"e931b20e-0450-45e6-82da-cea061f37584",6739,"39","Santander",20,2,2014,1,4,"20140204"
"62.42.15.36","ES",-3.7859,43.4703,"AS6739 Cableuropa - ONO","mlab3-mad01",0.04376,2112232.5,,"darwin","213.200.103.173","speedtest",1391548228,1234080.9,0.047626,"e931b20e-0450-45e6-82da-cea061f37584",6739,"39","Santander",21,2,2014,1,4,"20140204"
"79.147.105.149","ES",-4.0,40.0,"AS3352 TELEFONICA DE ESPANA","mlab3-mad01",0.120665,877067.44,,"darwin","213.200.103.173","speedtest",1391549002,34742.4,0.139684,"304351f8-fb84-4af5-bf73-b0b1ade9cf8e",3352,"","",21,2,2014,1,4,"20140204"
"79.147.105.149","ES",-4.0,40.0,"AS3352 TELEFONICA DE ESPANA","mlab3-mad01",0.131809,740134.1,,"darwin","213.200.103.173","speedtest",1391550561,40901.363,0.141917,"304351f8-fb84-4af5-bf73-b0b1ade9cf8e",3352,"","",21,2,2014,1,4,"20140204"
"62.42.15.36","ES",-3.7859,43.4703,"AS6739 Cableuropa - ONO","mlab3-mad01",0.043608,2221485.2,,"darwin","213.200.103.173","speedtest",1391551142,1217265.1,0.049569,"e931b20e-0450-45e6-82da-cea061f37584",6739,"39","Santander",21,2,2014,1,4,"20140204"
"85.152.168.77","ES",-5.7667,43.25,"AS12946 Telecable de Asturias,SA","mlab3-mad01",0.028693,2283006.5,,"darwin","213.200.103.173","speedtest",1391551413,2059659.5,0.025854,"731e25f2-ad54-44c6-96b7-083f39b2fe03",12946,"34","Mieres",22,2,2014,1,4,"20140204"
"62.42.15.36","ES",-3.7859,43.4703,"AS6739 Cableuropa - ONO","mlab3-mad01",0.039364,1176454.2,,"darwin","213.200.103.173","speedtest",1391552600,1244736.6,0.044004,"e931b20e-0450-45e6-82da-cea061f37584",6739,"39","Santander",22,2,2014,1,4,"20140204"
"79.144.216.158","ES",-0.3667,39.4667,"AS3352 TELEFONICA DE ESPANA","mlab2-mad01",0.001024,295959.03,,"win32","213.200.103.160","speedtest",1366158772,68295.98,0.119835,"f126dccc-72d7-44cf-9d18-7e2ca5f84cb5",3352,"60","Valencia",0,4,2013,2,17,"20130417"
"176.101.78.183","ES",-8.2043,43.4244,"AS42947 SkynetLink Informatica y Redes SL","mlab2-mad01",0.018811,247320.1,,"darwin","213.200.103.160","speedtest",1366169906,37552.83,0.022963,"4c767e3f-811d-4859-b5cf-5edf1b45d52b",42947,"58","Redes",3,4,2013,2,17,"20130417"
"80.30.7.237","ES",-3.6922,40.4086,"AS3352 TELEFONICA DE ESPANA","mlab2-mad01",0.086078,286130.16,,"linux2","213.200.103.160","speedtest",1366170310,30233.0,0.094822,"f4eb4a82-e6ac-4ecb-9add-73f35d0ff0d8",3352,"29","Madrid",3,4,2013,2,17,"20130417"
"62.57.164.27","ES",2.1741,41.3984,"AS6739 Cableuropa - ONO","mlab2-mad01",0.049792,2280701.0,,"darwin","213.200.103.160","speedtest",1366173275,79665.516,0.043794,"d819736b-5ed3-4984-b542-ae4ca3b45457",6739,"56","Barcelona",4,4,2013,2,17,"20130417"
"176.101.78.183","ES",-8.2043,43.4244,"AS42947 SkynetLink Informatica y Redes SL","mlab2-mad01",0.018638,240585.5,,"darwin","213.200.103.160","speedtest",1366183486,36714.812,0.023925,"4c767e3f-811d-4859-b5cf-5edf1b45d52b",42947,"58","Redes",7,4,2013,2,17,"20130417"
"62.57.164.27","ES",2.1741,41.3984,"AS6739 Cableuropa - ONO","mlab2-mad01",0.062053,3079920.0,,"darwin","213.200.103.160","speedtest",1366187013,87437.94,0.047527,"d819736b-5ed3-4984-b542-ae4ca3b45457",6739,"56","Barcelona",8,4,2013,2,17,"20130417"
"80.30.7.237","ES",-3.6922,40.4086,"AS3352 TELEFONICA DE ESPANA","mlab2-mad01",0.086594,278257.06,,"linux2","213.200.103.160","speedtest",1366188297,26096.24,0.095512,"f4eb4a82-e6ac-4ecb-9add-73f35d0ff0d8",3352,"29","Madrid",8,4,2013,2,17,"20130417"
"79.144.216.158","ES",-0.3667,39.4667,"AS3352 TELEFONICA DE ESPANA","mlab2-mad01",0.001033,267299.06,,"win32","213.200.103.160","speedtest",1366193594,66549.96,0.185025,"f126dccc-72d7-44cf-9d18-7e2ca5f84cb5",3352,"60","Valencia",10,4,2013,2,17,"20130417"
"62.57.164.27","ES",2.1741,41.3984,"AS6739 Cableuropa - ONO","mlab2-mad01",0.047891,2676192.0,,"darwin","213.200.103.160","speedtest",1366196172,84220.3,0.043312,"d819736b-5ed3-4984-b542-ae4ca3b45457",6739,"56","Barcelona",10,4,2013,2,17,"20130417"
"79.144.216.158","ES",-0.3667,39.4667,"AS3352 TELEFONICA DE ESPANA","mlab2-mad01",7.43E-4,387835.8,,"win32","213.200.103.160","speedtest",1366198266,64002.453,0.134183,"f126dccc-72d7-44cf-9d18-7e2ca5f84cb5",3352,"60","Valencia",11,4,2013,2,17,"20130417"
"176.101.78.183","ES",-8.2043,43.4244,"AS42947 SkynetLink Informatica y Redes SL","mlab2-mad01",0.020376,243012.06,,"darwin","213.200.103.160","speedtest",1366201842,37293.215,0.028689,"4c767e3f-811d-4859-b5cf-5edf1b45d52b",42947,"58","Redes",12,4,2013,2,17,"20130417"
"80.30.7.237","ES",-3.6922,40.4086,"AS3352 TELEFONICA DE ESPANA","mlab2-mad01",0.364768,21739.793,,"linux2","213.200.103.160","speedtest",1366201977,15095.71,0.400884,"f4eb4a82-e6ac-4ecb-9add-73f35d0ff0d8",3352,"29","Madrid",12,4,2013,2,17,"20130417"
"79.144.216.158","ES",-0.3667,39.4667,"AS3352 TELEFONICA DE ESPANA","mlab2-mad01",9.5E-4,434469.2,,"win32","213.200.103.160","speedtest",1366202944,71964.82,0.146688,"f126dccc-72d7-44cf-9d18-7e2ca5f84cb5",3352,"60","Valencia",12,4,2013,2,17,"20130417"
"91.126.133.206","ES",-4.0,40.0,"AS35699 Adamo Telecom Iberia S.A","mlab2-mad01",0.047078,1320089.4,,"win32","213.200.103.160","speedtest",1366205076,2499066.5,0.049786,"ca5ae8d4-9c43-48ee-a04a-b6da82b73b7d",35699,"","",13,4,2013,2,17,"20130417"
"80.30.7.237","ES",-3.6922,40.4086,"AS3352 TELEFONICA DE ESPANA","mlab2-mad01",0.099574,305840.2,,"linux2","213.200.103.160","speedtest",1366206536,27325.258,0.110984,"f4eb4a82-e6ac-4ecb-9add-73f35d0ff0d8",3352,"29","Madrid",13,4,2013,2,17,"20130417"
"91.126.133.206","ES",-4.0,40.0,"AS35699 Adamo Telecom Iberia S.A","mlab2-mad01",0.057138,1322770.0,,"win32","213.200.103.160","speedtest",1366209437,2694260.2,0.049576,"ca5ae8d4-9c43-48ee-a04a-b6da82b73b7d",35699,"","",14,4,2013,2,17,"20130417"
"176.101.78.183","ES",-8.2043,43.4244,"AS42947 SkynetLink Informatica y Redes SL","mlab2-mad01",0.023363,128066.77,,"darwin","213.200.103.160","speedtest",1366210961,35755.465,0.031735,"4c767e3f-811d-4859-b5cf-5edf1b45d52b",42947,"58","Redes",15,4,2013,2,17,"20130417"
"80.30.7.237","ES",-3.6922,40.4086,"AS3352 TELEFONICA DE ESPANA","mlab2-mad01",0.089941,187496.84,,"linux2","213.200.103.160","speedtest",1366211049,19087.838,0.094719,"f4eb4a82-e6ac-4ecb-9add-73f35d0ff0d8",3352,"29","Madrid",15,4,2013,2,17,"20130417"
"79.144.216.158","ES",-0.3667,39.4667,"AS3352 TELEFONICA DE ESPANA","mlab2-mad01",0.006286,400825.94,,"win32","213.200.103.160","speedtest",1366212297,65121.484,0.13934,"f126dccc-72d7-44cf-9d18-7e2ca5f84cb5",3352,"60","Valencia",15,4,2013,2,17,"20130417"
"62.57.164.27","ES",2.1741,41.3984,"AS6739 Cableuropa - ONO","mlab2-mad01",0.056135,3287280.8,,"darwin","213.200.103.160","speedtest",1366217846,107665.6,0.042589,"d819736b-5ed3-4984-b542-ae4ca3b45457",6739,"56","Barcelona",16,4,2013,2,17,"20130417"
"79.144.216.158","ES",-0.3667,39.4667,"AS3352 TELEFONICA DE ESPANA","mlab2-mad01",9.82E-4,221703.17,,"win32","213.200.103.160","speedtest",1366221757,26932.035,0.231507,"f126dccc-72d7-44cf-9d18-7e2ca5f84cb5",3352,"60","Valencia",18,4,2013,2,17,"20130417"
"91.126.133.206","ES",-4.0,40.0,"AS35699 Adamo Telecom Iberia S.A","mlab2-mad01",0.046925,1866677.9,,"win32","213.200.103.160","speedtest",1366222829,1867513.1,0.049889,"ca5ae8d4-9c43-48ee-a04a-b6da82b73b7d",35699,"","",18,4,2013,2,17,"20130417"
"95.23.197.158","ES",-1.1333,37.9333,"AS12715 Jazz Telecom S.A.","mlab2-mad01",3.48E-4,1734617.8,,"win32","213.200.103.160","speedtest",1366222860,291218.72,0.086651,"82d99cde-4d85-47cc-b4fd-96c1da73e5ce",12715,"31","Murcia",18,4,2013,2,17,"20130417"
"176.101.78.183","ES",-8.2043,43.4244,"AS42947 SkynetLink Informatica y Redes SL","mlab2-mad01",0.018685,241988.84,,"darwin","213.200.103.160","speedtest",1366224810,37894.21,0.035339,"4c767e3f-811d-4859-b5cf-5edf1b45d52b",42947,"58","Redes",18,4,2013,2,17,"20130417"
"91.126.133.206","ES",-4.0,40.0,"AS35699 Adamo Telecom Iberia S.A","mlab2-mad01",0.046885,2077484.6,,"win32","213.200.103.160","speedtest",1366227191,2043126.8,0.050096,"ca5ae8d4-9c43-48ee-a04a-b6da82b73b7d",35699,"","",19,4,2013,2,17,"20130417"
"95.23.197.158","ES",-1.1333,37.9333,"AS12715 Jazz Telecom S.A.","mlab2-mad01",3.1E-4,1131700.2,,"win32","213.200.103.160","speedtest",1366227199,258055.47,0.091673,"82d99cde-4d85-47cc-b4fd-96c1da73e5ce",12715,"31","Murcia",19,4,2013,2,17,"20130417"
"91.126.133.206","ES",-4.0,40.0,"AS35699 Adamo Telecom Iberia S.A","mlab2-mad01",0.047009,2134316.0,,"win32","213.200.103.160","speedtest",1366231552,2523337.8,0.049925,"ca5ae8d4-9c43-48ee-a04a-b6da82b73b7d",35699,"","",20,4,2013,2,17,"20130417"
"62.57.164.27","ES",2.1741,41.3984,"AS6739 Cableuropa - ONO","mlab2-mad01",0.041427,3171426.8,,"darwin","213.200.103.160","speedtest",1366237123,97515.64,0.043041,"d819736b-5ed3-4984-b542-ae4ca3b45457",6739,"56","Barcelona",22,4,2013,2,17,"20130417"
"176.101.78.183","ES",-8.2043,43.4244,"AS42947 SkynetLink Informatica y Redes SL","mlab2-mad01",0.019031,242595.72,,"darwin","213.200.103.160","speedtest",1366238393,31681.266,0.025284,"4c767e3f-811d-4859-b5cf-5edf1b45d52b",42947,"58","Redes",22,4,2013,2,17,"20130417"
"91.126.133.206","ES",-4.0,40.0,"AS35699 Adamo Telecom Iberia S.A","mlab2-mad01",0.046883,1415664.9,,"win32","213.200.103.160","speedtest",1366240281,2318107.5,0.049859,"ca5ae8d4-9c43-48ee-a04a-b6da82b73b7d",35699,"","",23,4,2013,2,17,"20130417"
"176.101.78.183","ES",-8.2043,43.4244,"AS42947 SkynetLink Informatica y Redes SL","mlab2-mad01",0.01771,259636.06,,"darwin","213.200.103.160","speedtest",1366242879,37452.055,0.029142,"4c767e3f-811d-4859-b5cf-5edf1b45d52b",42947,"58","Redes",23,4,2013,2,17,"20130417"
"79.144.216.158","ES",-0.3667,39.4667,"AS3352 TELEFONICA DE ESPANA","mlab2-mil01",0.344268,87146.05,,"win32","213.200.99.224","speedtest",1366217066,8337.89,1.833683,"f126dccc-72d7-44cf-9d18-7e2ca5f84cb5",3352,"60","Valencia",16,4,2013,2,17,"20130417"
"176.101.78.183","ES",-8.2043,43.4244,"AS42947 SkynetLink Informatica y Redes SL","mlab1-mad01",0.020679,273090.22,,"darwin","213.200.103.147","speedtest",1366160804,37452.098,0.023017,"4c767e3f-811d-4859-b5cf-5edf1b45d52b",42947,"58","Redes",1,4,2013,2,17,"20130417"
"80.30.7.237","ES",-3.6922,40.4086,"AS3352 TELEFONICA DE ESPANA","mlab1-mad01",0.26149,7973.8574,,"linux2","213.200.103.147","speedtest",1366161111,5307.644,0.651414,"f4eb4a82-e6ac-4ecb-9add-73f35d0ff0d8",3352,"29","Madrid",1,4,2013,2,17,"20130417"
"62.57.164.27","ES",2.1741,41.3984,"AS6739 Cableuropa - ONO","mlab1-mad01",0.046936,1624495.2,,"darwin","213.200.103.147","speedtest",1366164118,71412.7,0.044899,"d819736b-5ed3-4984-b542-ae4ca3b45457",6739,"56","Barcelona",2,4,2013,2,17,"20130417"
"176.101.78.183","ES",-8.2043,43.4244,"AS42947 SkynetLink Informatica y Redes SL","mlab1-mad01",0.023187,257473.98,,"darwin","213.200.103.147","speedtest",1366165379,33803.066,0.024075,"4c767e3f-811d-4859-b5cf-5edf1b45d52b",42947,"58","Redes",2,4,2013,2,17,"20130417"
"79.144.216.158","ES",-0.3667,39.4667,"AS3352 TELEFONICA DE ESPANA","mlab1-mad01",9.68E-4,294624.8,,"win32","213.200.103.147","speedtest",1366168131,69480.55,0.139294,"f126dccc-72d7-44cf-9d18-7e2ca5f84cb5",3352,"60","Valencia",3,4,2013,2,17,"20130417"
"176.101.78.183","ES",-8.2043,43.4244,"AS42947 SkynetLink Informatica y Redes SL","mlab1-mad01",0.019058,259253.39,,"darwin","213.200.103.147","speedtest",1366174423,28807.412,0.023674,"4c767e3f-811d-4859-b5cf-5edf1b45d52b",42947,"58","Redes",4,4,2013,2,17,"20130417"
"80.30.7.237","ES",-3.6922,40.4086,"AS3352 TELEFONICA DE ESPANA","mlab1-mad01",0.095346,282951.06,,"linux2","213.200.103.147","speedtest",1366174823,24102.15,0.104681,"f4eb4a82-e6ac-4ecb-9add-73f35d0ff0d8",3352,"29","Madrid",5,4,2013,2,17,"20130417"
"176.101.78.183","ES",-8.2043,43.4244,"AS42947 SkynetLink Informatica y Redes SL","mlab1-mad01",0.02082,252712.02,,"darwin","213.200.103.147","speedtest",1366178973,43066.406,0.0255,"4c767e3f-811d-4859-b5cf-5edf1b45d52b",42947,"58","Redes",6,4,2013,2,17,"20130417"
"80.30.7.237","ES",-3.6922,40.4086,"AS3352 TELEFONICA DE ESPANA","mlab1-mad01",0.087606,287126.03,,"linux2","213.200.103.147","speedtest",1366179312,29442.408,0.096919,"f4eb4a82-e6ac-4ecb-9add-73f35d0ff0d8",3352,"29","Madrid",6,4,2013,2,17,"20130417"
"91.126.133.206","ES",-4.0,40.0,"AS35699 Adamo Telecom Iberia S.A","mlab1-mad01",0.047751,2332719.0,,"win32","213.200.103.147","speedtest",1366187596,2839016.2,0.049525,"ca5ae8d4-9c43-48ee-a04a-b6da82b73b7d",35699,"","",8,4,2013,2,17,"20130417"
"79.144.216.158","ES",-0.3667,39.4667,"AS3352 TELEFONICA DE ESPANA","mlab1-mad01",9.7E-4,285213.2,,"win32","213.200.103.147","speedtest",1366188913,59988.4,0.124947,"f126dccc-72d7-44cf-9d18-7e2ca5f84cb5",3352,"60","Valencia",8,4,2013,2,17,"20130417"
"91.126.133.206","ES",-4.0,40.0,"AS35699 Adamo Telecom Iberia S.A","mlab1-mad01",0.046966,2097798.0,,"win32","213.200.103.147","speedtest",1366191958,2573777.8,0.049583,"ca5ae8d4-9c43-48ee-a04a-b6da82b73b7d",35699,"","",9,4,2013,2,17,"20130417"
"80.30.7.237","ES",-3.6922,40.4086,"AS3352 TELEFONICA DE ESPANA","mlab1-mad01",0.116712,164536.38,,"linux2","213.200.103.147","speedtest",1366192808,12604.798,0.100665,"f4eb4a82-e6ac-4ecb-9add-73f35d0ff0d8",3352,"29","Madrid",10,4,2013,2,17,"20130417"
"91.126.133.206","ES",-4.0,40.0,"AS35699 Adamo Telecom Iberia S.A","mlab1-mad01",0.046926,2049249.6,,"win32","213.200.103.147","speedtest",1366196322,2646103.2,0.049265,"ca5ae8d4-9c43-48ee-a04a-b6da82b73b7d",35699,"","",10,4,2013,2,17,"20130417"
"176.101.78.183","ES",-8.2043,43.4244,"AS42947 SkynetLink Informatica y Redes SL","mlab1-mad01",0.027188,171221.78,,"darwin","213.200.103.147","speedtest",1366206472,34814.297,0.052951,"4c767e3f-811d-4859-b5cf-5edf1b45d52b",42947,"58","Redes",13,4,2013,2,17,"20130417"
"79.144.216.158","ES",-0.3667,39.4667,"AS3352 TELEFONICA DE ESPANA","mlab1-mad01",4.73E-4,357880.5,,"win32","213.200.103.147","speedtest",1366207618,66093.76,0.151827,"f126dccc-72d7-44cf-9d18-7e2ca5f84cb5",3352,"60","Valencia",14,4,2013,2,17,"20130417"
"62.57.164.27","ES",2.1741,41.3984,"AS6739 Cableuropa - ONO","mlab1-mad01",0.04124,3795721.8,,"darwin","213.200.103.147","speedtest",1366208200,97638.21,0.049016,"d819736b-5ed3-4984-b542-ae4ca3b45457",6739,"56","Barcelona",14,4,2013,2,17,"20130417"
"62.57.164.27","ES",2.1741,41.3984,"AS6739 Cableuropa - ONO","mlab1-mad01",0.041229,3265488.5,,"darwin","213.200.103.147","speedtest",1366213026,97270.49,0.046155,"d819736b-5ed3-4984-b542-ae4ca3b45457",6739,"56","Barcelona",15,4,2013,2,17,"20130417"
"91.126.133.206","ES",-4.0,40.0,"AS35699 Adamo Telecom Iberia S.A","mlab1-mad01",0.047025,1256709.8,,"win32","213.200.103.147","speedtest",1366214096,2423856.2,0.049775,"ca5ae8d4-9c43-48ee-a04a-b6da82b73b7d",35699,"","",15,4,2013,2,17,"20130417"
"176.101.78.183","ES",-8.2043,43.4244,"AS42947 SkynetLink Informatica y Redes SL","mlab1-mad01",0.023447,240257.55,,"darwin","213.200.103.147","speedtest",1366215492,41046.734,0.03088,"4c767e3f-811d-4859-b5cf-5edf1b45d52b",42947,"58","Redes",16,4,2013,2,17,"20130417"
"95.23.197.158","ES",-1.1333,37.9333,"AS12715 Jazz Telecom S.A.","mlab1-mad01",3.35E-4,2190998.2,,"win32","213.200.103.147","speedtest",1366218509,267787.62,0.094451,"82d99cde-4d85-47cc-b4fd-96c1da73e5ce",12715,"31","Murcia",17,4,2013,2,17,"20130417"
"83.39.128.131","ES",-4.0,40.0,"AS3352 TELEFONICA DE ESPANA","mlab1-mad01",0.089196,309778.6,,"linux2","213.200.103.147","speedtest",1366220043,31427.893,0.096411,"f4eb4a82-e6ac-4ecb-9add-73f35d0ff0d8",3352,"","",17,4,2013,2,17,"20130417"
"62.57.164.27","ES",2.1741,41.3984,"AS6739 Cableuropa - ONO","mlab1-mad01",0.042021,3187126.2,,"darwin","213.200.103.147","speedtest",1366222665,100193.72,0.045782,"d819736b-5ed3-4984-b542-ae4ca3b45457",6739,"56","Barcelona",18,4,2013,2,17,"20130417"
"80.30.6.130","ES",-3.6922,40.4086,"AS3352 TELEFONICA DE ESPANA","mlab1-mad01",0.096735,266406.66,,"linux2","213.200.103.147","speedtest",1366224546,27781.877,0.127618,"f4eb4a82-e6ac-4ecb-9add-73f35d0ff0d8",3352,"29","Madrid",18,4,2013,2,17,"20130417"
"62.57.164.27","ES",2.1741,41.3984,"AS6739 Cableuropa - ONO","mlab1-mad01",0.054417,3263241.0,,"darwin","213.200.103.147","speedtest",1366227483,104797.69,0.04537,"d819736b-5ed3-4984-b542-ae4ca3b45457",6739,"56","Barcelona",19,4,2013,2,17,"20130417"
"176.101.78.183","ES",-8.2043,43.4244,"AS42947 SkynetLink Informatica y Redes SL","mlab1-mad01",0.020621,248123.11,,"darwin","213.200.103.147","speedtest",1366229326,33022.344,0.024854,"4c767e3f-811d-4859-b5cf-5edf1b45d52b",42947,"58","Redes",20,4,2013,2,17,"20130417"
"80.30.3.186","ES",-3.6922,40.4086,"AS3352 TELEFONICA DE ESPANA","mlab1-mad01",0.089999,264638.97,,"linux2","213.200.103.147","speedtest",1366233549,28792.588,0.116692,"f4eb4a82-e6ac-4ecb-9add-73f35d0ff0d8",3352,"29","Madrid",21,4,2013,2,17,"20130417"
"176.101.78.183","ES",-8.2043,43.4244,"AS42947 SkynetLink Informatica y Redes SL","mlab1-mad01",0.024412,138999.88,,"darwin","213.200.103.147","speedtest",1366233878,32067.668,0.027811,"4c767e3f-811d-4859-b5cf-5edf1b45d52b",42947,"58","Redes",21,4,2013,2,17,"20130417"
"91.126.133.206","ES",-4.0,40.0,"AS35699 Adamo Telecom Iberia S.A","mlab1-mad01",0.046774,1827292.2,,"win32","213.200.103.147","speedtest",1366235914,2091843.5,0.05005,"ca5ae8d4-9c43-48ee-a04a-b6da82b73b7d",35699,"","",21,4,2013,2,17,"20130417"
"79.144.216.158","ES",-0.3667,39.4667,"AS3352 TELEFONICA DE ESPANA","mlab1-mad01",4.75E-4,312524.6,,"win32","213.200.103.147","speedtest",1366237148,67131.94,0.126554,"f126dccc-72d7-44cf-9d18-7e2ca5f84cb5",3352,"60","Valencia",22,4,2013,2,17,"20130417"
"80.30.3.186","ES",-3.6922,40.4086,"AS3352 TELEFONICA DE ESPANA","mlab1-mad01",0.34464,178507.25,,"linux2","213.200.103.147","speedtest",1366238069,12673.991,0.625005,"f4eb4a82-e6ac-4ecb-9add-73f35d0ff0d8",3352,"29","Madrid",22,4,2013,2,17,"20130417"
"62.57.164.27","ES",2.1741,41.3984,"AS6739 Cableuropa - ONO","mlab1-mad01",0.038597,3281104.8,,"darwin","213.200.103.147","speedtest",1366241951,96928.21,0.046166,"d819736b-5ed3-4984-b542-ae4ca3b45457",6739,"56","Barcelona",23,4,2013,2,17,"20130417"
"62.57.164.27","ES",2.1741,41.3984,"AS6739 Cableuropa - ONO","mlab3-mad01",0.046861,2633952.8,,"darwin","213.200.103.173","speedtest",1366159536,83850.27,0.043941,"d819736b-5ed3-4984-b542-ae4ca3b45457",6739,"56","Barcelona",0,4,2013,2,17,"20130417"
"79.144.216.158","ES",-0.3667,39.4667,"AS3352 TELEFONICA DE ESPANA","mlab3-mad01",0.001008,226097.7,,"win32","213.200.103.173","speedtest",1366163465,60035.074,0.998079,"f126dccc-72d7-44cf-9d18-7e2ca5f84cb5",3352,"60","Valencia",1,4,2013,2,17,"20130417"
"62.57.164.27","ES",2.1741,41.3984,"AS6739 Cableuropa - ONO","mlab3-mad01",0.046153,3154928.2,,"darwin","213.200.103.173","speedtest",1366168698,82348.055,0.04691,"d819736b-5ed3-4984-b542-ae4ca3b45457",6739,"56","Barcelona",3,4,2013,2,17,"20130417"
"62.57.164.27","ES",2.1741,41.3984,"AS6739 Cableuropa - ONO","mlab3-mad01",0.045907,2483066.0,,"darwin","213.200.103.173","speedtest",1366177859,86599.22,0.045865,"d819736b-5ed3-4984-b542-ae4ca3b45457",6739,"56","Barcelona",5,4,2013,2,17,"20130417"
"62.57.164.27","ES",2.1741,41.3984,"AS6739 Cableuropa - ONO","mlab3-mad01",0.044667,2243949.8,,"darwin","213.200.103.173","speedtest",1366182440,78642.08,0.043143,"d819736b-5ed3-4984-b542-ae4ca3b45457",6739,"56","Barcelona",7,4,2013,2,17,"20130417"
"91.126.133.206","ES",-4.0,40.0,"AS35699 Adamo Telecom Iberia S.A","mlab3-mad01",0.046878,2897349.5,,"win32","213.200.103.173","speedtest",1366183224,3570214.0,0.050099,"ca5ae8d4-9c43-48ee-a04a-b6da82b73b7d",35699,"","",7,4,2013,2,17,"20130417"
"80.30.7.237","ES",-3.6922,40.4086,"AS3352 TELEFONICA DE ESPANA","mlab3-mad01",0.08618,250679.11,,"linux2","213.200.103.173","speedtest",1366183806,30145.797,0.095891,"f4eb4a82-e6ac-4ecb-9add-73f35d0ff0d8",3352,"29","Madrid",7,4,2013,2,17,"20130417"
"176.101.78.183","ES",-8.2043,43.4244,"AS42947 SkynetLink Informatica y Redes SL","mlab3-mad01",0.019692,267464.34,,"darwin","213.200.103.173","speedtest",1366188023,38621.85,0.025125,"4c767e3f-811d-4859-b5cf-5edf1b45d52b",42947,"58","Redes",8,4,2013,2,17,"20130417"
"62.57.164.27","ES",2.1741,41.3984,"AS6739 Cableuropa - ONO","mlab3-mad01",0.045626,1902999.2,,"darwin","213.200.103.173","speedtest",1366191594,74000.18,0.044891,"d819736b-5ed3-4984-b542-ae4ca3b45457",6739,"56","Barcelona",9,4,2013,2,17,"20130417"
"176.101.78.183","ES",-8.2043,43.4244,"AS42947 SkynetLink Informatica y Redes SL","mlab3-mad01",0.019155,248005.84,,"darwin","213.200.103.173","speedtest",1366192589,37624.875,0.025834,"4c767e3f-811d-4859-b5cf-5edf1b45d52b",42947,"58","Redes",9,4,2013,2,17,"20130417"
"176.101.78.183","ES",-8.2043,43.4244,"AS42947 SkynetLink Informatica y Redes SL","mlab3-mad01",0.025861,259421.03,,"darwin","213.200.103.173","speedtest",1366197341,35979.03,0.026422,"4c767e3f-811d-4859-b5cf-5edf1b45d52b",42947,"58","Redes",11,4,2013,2,17,"20130417"
"80.30.7.237","ES",-3.6922,40.4086,"AS3352 TELEFONICA DE ESPANA","mlab3-mad01",0.199211,25654.643,,"linux2","213.200.103.173","speedtest",1366197388,10683.168,0.351765,"f4eb4a82-e6ac-4ecb-9add-73f35d0ff0d8",3352,"29","Madrid",11,4,2013,2,17,"20130417"
"62.57.164.27","ES",2.1741,41.3984,"AS6739 Cableuropa - ONO","mlab3-mad01",0.045083,3247145.2,,"darwin","213.200.103.173","speedtest",1366198401,98897.26,0.045256,"d819736b-5ed3-4984-b542-ae4ca3b45457",6739,"56","Barcelona",11,4,2013,2,17,"20130417"
"91.126.133.206","ES",-4.0,40.0,"AS35699 Adamo Telecom Iberia S.A","mlab3-mad01",0.047313,541717.25,,"win32","213.200.103.173","speedtest",1366200711,1945293.8,0.049649,"ca5ae8d4-9c43-48ee-a04a-b6da82b73b7d",35699,"","",12,4,2013,2,17,"20130417"
"80.30.7.237","ES",-3.6922,40.4086,"AS3352 TELEFONICA DE ESPANA","mlab3-mad01",0.144262,137852.42,,"linux2","213.200.103.173","speedtest",1366215547,20207.41,0.160112,"f4eb4a82-e6ac-4ecb-9add-73f35d0ff0d8",3352,"29","Madrid",16,4,2013,2,17,"20130417"
"91.126.133.206","ES",-4.0,40.0,"AS35699 Adamo Telecom Iberia S.A","mlab3-mad01",0.047736,1564256.9,,"win32","213.200.103.173","speedtest",1366218466,2379150.8,0.049546,"ca5ae8d4-9c43-48ee-a04a-b6da82b73b7d",35699,"","",17,4,2013,2,17,"20130417"
"176.101.78.183","ES",-8.2043,43.4244,"AS42947 SkynetLink Informatica y Redes SL","mlab3-mad01",0.021157,256654.17,,"darwin","213.200.103.173","speedtest",1366220230,38585.754,0.024711,"4c767e3f-811d-4859-b5cf-5edf1b45d52b",42947,"58","Redes",17,4,2013,2,17,"20130417"
"79.144.216.158","ES",-0.3667,39.4667,"AS3352 TELEFONICA DE ESPANA","mlab3-mad01",0.002153,164724.34,,"win32","213.200.103.173","speedtest",1366227789,43595.723,0.328718,"f126dccc-72d7-44cf-9d18-7e2ca5f84cb5",3352,"60","Valencia",19,4,2013,2,17,"20130417"
"80.30.3.186","ES",-3.6922,40.4086,"AS3352 TELEFONICA DE ESPANA","mlab3-mad01",0.100605,267357.94,,"linux2","213.200.103.173","speedtest",1366229047,22415.973,0.109186,"f4eb4a82-e6ac-4ecb-9add-73f35d0ff0d8",3352,"29","Madrid",20,4,2013,2,17,"20130417"
"62.57.164.27","ES",2.1741,41.3984,"AS6739 Cableuropa - ONO","mlab3-mad01",0.041564,3379349.0,,"darwin","213.200.103.173","speedtest",1366232303,95708.75,0.045808,"d819736b-5ed3-4984-b542-ae4ca3b45457",6739,"56","Barcelona",20,4,2013,2,17,"20130417"
"79.144.216.158","ES",-0.3667,39.4667,"AS3352 TELEFONICA DE ESPANA","mlab3-mad01",5.25E-4,261112.7,,"win32","213.200.103.173","speedtest",1366232457,57893.42,0.171993,"f126dccc-72d7-44cf-9d18-7e2ca5f84cb5",3352,"60","Valencia",21,4,2013,2,17,"20130417"
"80.30.3.186","ES",-3.6922,40.4086,"AS3352 TELEFONICA DE ESPANA","mlab3-mad01",0.334644,178478.62,,"linux2","213.200.103.173","speedtest",1366242564,17208.975,0.38092,"f4eb4a82-e6ac-4ecb-9add-73f35d0ff0d8",3352,"29","Madrid",23,4,2013,2,17,"20130417"
"82.130.210.63","ES",-17.1133,28.0916,"AS12338 Euskaltel S.A.","mlab2-ath01",3.141871,89756.3,,"win32","83.212.4.32","speedtest",1372758788,189182.61,0.941604,"6f67f79b-4192-479a-a11a-513952186bbe",12338,"59","San Sebastian",9,7,2013,1,2,"20130702"
"81.184.35.142","ES",2.1741,41.3984,"AS6739 Cableuropa - ONO","mlab1-mad01",0.041591,3365717.8,,"darwin","213.200.103.147","speedtest",1372726163,139096.95,0.044138,"d819736b-5ed3-4984-b542-ae4ca3b45457",6739,"56","Barcelona",0,7,2013,1,2,"20130702"
"83.39.129.137","ES",-3.6922,40.4086,"AS3352 TELEFONICA DE ESPANA","mlab1-mad01",0.08815,284618.75,,"linux2","213.200.103.147","speedtest",1372729152,25233.408,0.097227,"f4eb4a82-e6ac-4ecb-9add-73f35d0ff0d8",3352,"29","Madrid",1,7,2013,1,2,"20130702"
"81.184.35.142","ES",2.1741,41.3984,"AS6739 Cableuropa - ONO","mlab1-mad01",0.039345,3379084.2,,"darwin","213.200.103.147","speedtest",1372734951,139391.16,0.043787,"d819736b-5ed3-4984-b542-ae4ca3b45457",6739,"56","Barcelona",3,7,2013,1,2,"20130702"
"81.184.35.142","ES",2.1741,41.3984,"AS6739 Cableuropa - ONO","mlab1-mad01",0.043102,3302416.0,,"darwin","213.200.103.147","speedtest",1372743736,139221.28,0.044289,"d819736b-5ed3-4984-b542-ae4ca3b45457",6739,"56","Barcelona",5,7,2013,1,2,"20130702"
"83.39.129.137","ES",-3.6922,40.4086,"AS3352 TELEFONICA DE ESPANA","mlab1-mad01",0.094356,291640.0,,"linux2","213.200.103.147","speedtest",1372746792,29340.914,0.097093,"f4eb4a82-e6ac-4ecb-9add-73f35d0ff0d8",3352,"29","Madrid",6,7,2013,1,2,"20130702"
"81.184.35.142","ES",2.1741,41.3984,"AS6739 Cableuropa - ONO","mlab1-mad01",0.03792,3407693.5,,"darwin","213.200.103.147","speedtest",1372748128,139669.66,0.043526,"d819736b-5ed3-4984-b542-ae4ca3b45457",6739,"56","Barcelona",6,7,2013,1,2,"20130702"
"83.39.129.137","ES",-3.6922,40.4086,"AS3352 TELEFONICA DE ESPANA","mlab1-mad01",0.083478,291389.97,,"linux2","213.200.103.147","speedtest",1372751212,28550.521,0.093651,"f4eb4a82-e6ac-4ecb-9add-73f35d0ff0d8",3352,"29","Madrid",7,7,2013,1,2,"20130702"
"80.36.175.207","ES",-4.0,40.0,"AS3352 TELEFONICA DE ESPANA","mlab1-mad01",4.06E-4,439387.5,,"win32","213.200.103.147","speedtest",1372751825,15896.657,0.22732,"9b07cd9e-5e44-495b-aeb7-13e7c405fa29",3352,"","",7,7,2013,1,2,"20130702"
"81.184.35.142","ES",2.1741,41.3984,"AS6739 Cableuropa - ONO","mlab1-mad01",0.039883,3370471.8,,"darwin","213.200.103.147","speedtest",1372752522,138230.86,0.043975,"d819736b-5ed3-4984-b542-ae4ca3b45457",6739,"56","Barcelona",8,7,2013,1,2,"20130702"
"81.184.35.142","ES",2.1741,41.3984,"AS6739 Cableuropa - ONO","mlab1-mad01",0.039133,3248484.5,,"darwin","213.200.103.147","speedtest",1372756915,139739.44,0.043605,"d819736b-5ed3-4984-b542-ae4ca3b45457",6739,"56","Barcelona",9,7,2013,1,2,"20130702"
"80.36.175.207","ES",-4.0,40.0,"AS3352 TELEFONICA DE ESPANA","mlab1-mad01",3.84E-4,979908.2,,"win32","213.200.103.147","speedtest",1372761172,29959.201,0.161101,"9b07cd9e-5e44-495b-aeb7-13e7c405fa29",3352,"","",10,7,2013,1,2,"20130702"
"80.36.175.207","ES",-4.0,40.0,"AS3352 TELEFONICA DE ESPANA","mlab1-mad01",4.73E-4,651570.25,,"win32","213.200.103.147","speedtest",1372765850,27909.209,0.216683,"9b07cd9e-5e44-495b-aeb7-13e7c405fa29",3352,"","",11,7,2013,1,2,"20130702"
"81.184.35.142","ES",2.1741,41.3984,"AS6739 Cableuropa - ONO","mlab1-mad01",0.041549,3320617.5,,"darwin","213.200.103.147","speedtest",1372770100,138678.56,0.045435,"d819736b-5ed3-4984-b542-ae4ca3b45457",6739,"56","Barcelona",13,7,2013,1,2,"20130702"
"83.39.129.137","ES",-3.6922,40.4086,"AS3352 TELEFONICA DE ESPANA","mlab1-mad01",0.086567,294912.75,,"linux2","213.200.103.147","speedtest",1372773328,16294.904,0.096898,"f4eb4a82-e6ac-4ecb-9add-73f35d0ff0d8",3352,"29","Madrid",13,7,2013,1,2,"20130702"
"81.184.35.142","ES",2.1741,41.3984,"AS6739 Cableuropa - ONO","mlab1-mad01",0.04011,3227702.5,,"darwin","213.200.103.147","speedtest",1372774490,139002.28,0.044518,"d819736b-5ed3-4984-b542-ae4ca3b45457",6739,"56","Barcelona",14,7,2013,1,2,"20130702"
"95.19.125.107","ES",-4.0,40.0,"AS12715 Jazz Telecom S.A.","mlab1-mad01",3.13E-4,250837.66,,"win32","213.200.103.147","speedtest",1372777622,259979.27,0.086924,"82d99cde-4d85-47cc-b4fd-96c1da73e5ce",12715,"","",15,7,2013,1,2,"20130702"
"83.39.129.137","ES",-3.6922,40.4086,"AS3352 TELEFONICA DE ESPANA","mlab1-mad01",0.08815,231870.22,,"linux2","213.200.103.147","speedtest",1372782173,23382.775,0.099872,"f4eb4a82-e6ac-4ecb-9add-73f35d0ff0d8",3352,"29","Madrid",16,7,2013,1,2,"20130702"
"80.36.175.207","ES",-4.0,40.0,"AS3352 TELEFONICA DE ESPANA","mlab1-mad01",3.46E-4,428700.28,,"win32","213.200.103.147","speedtest",1372784566,6446.8076,0.773104,"9b07cd9e-5e44-495b-aeb7-13e7c405fa29",3352,"","",17,7,2013,1,2,"20130702"
"83.39.129.137","ES",-3.6922,40.4086,"AS3352 TELEFONICA DE ESPANA","mlab1-mad01",0.20312,217541.64,,"linux2","213.200.103.147","speedtest",1372786625,11651.331,0.462786,"f4eb4a82-e6ac-4ecb-9add-73f35d0ff0d8",3352,"29","Madrid",17,7,2013,1,2,"20130702"
"81.184.35.142","ES",2.1741,41.3984,"AS6739 Cableuropa - ONO","mlab1-mad01",0.050601,3436449.5,,"darwin","213.200.103.147","speedtest",1372792115,126177.984,0.055748,"d819736b-5ed3-4984-b542-ae4ca3b45457",6739,"56","Barcelona",19,7,2013,1,2,"20130702"
"81.184.35.142","ES",2.1741,41.3984,"AS6739 Cableuropa - ONO","mlab1-mad01",0.039458,3378523.2,,"darwin","213.200.103.147","speedtest",1372800941,142236.14,0.044225,"d819736b-5ed3-4984-b542-ae4ca3b45457",6739,"56","Barcelona",21,7,2013,1,2,"20130702"
"83.35.225.172","ES",-0.4667,39.4333,"AS3352 TELEFONICA DE ESPANA","mlab1-mad01",0.001179,108290.84,,"win32","213.200.103.147","speedtest",1372806624,100203.87,0.129167,"f126dccc-72d7-44cf-9d18-7e2ca5f84cb5",3352,"60","Torrente",23,7,2013,1,2,"20130702"
"83.39.129.137","ES",-3.6922,40.4086,"AS3352 TELEFONICA DE ESPANA","mlab1-mad01",0.083745,274415.9,,"linux2","213.200.103.147","speedtest",1372808839,29624.434,0.091954,"f4eb4a82-e6ac-4ecb-9add-73f35d0ff0d8",3352,"29","Madrid",23,7,2013,1,2,"20130702"
"80.36.175.207","ES",-4.0,40.0,"AS3352 TELEFONICA DE ESPANA","mlab1-nuq02",0.305258,82634.3,,"win32","149.20.5.83","speedtest",1372747129,5729.0244,0.237413,"9b07cd9e-5e44-495b-aeb7-13e7c405fa29",3352,"","",6,7,2013,1,2,"20130702"
"82.130.210.63","ES",-17.1133,28.0916,"AS12338 Euskaltel S.A.","mlab2-mad01",0.049752,367422.6,,"win32","213.200.103.160","speedtest",1372732560,80528.29,1.339312,"6f67f79b-4192-479a-a11a-513952186bbe",12338,"59","San Sebastian",2,7,2013,1,2,"20130702"
"83.39.129.137","ES",-3.6922,40.4086,"AS3352 TELEFONICA DE ESPANA","mlab2-mad01",0.07877,291410.1,,"linux2","213.200.103.160","speedtest",1372733557,30686.84,0.088086,"f4eb4a82-e6ac-4ecb-9add-73f35d0ff0d8",3352,"29","Madrid",2,7,2013,1,2,"20130702"
"83.39.129.137","ES",-3.6922,40.4086,"AS3352 TELEFONICA DE ESPANA","mlab2-mad01",0.084687,293329.4,,"linux2","213.200.103.160","speedtest",1372742375,28014.518,0.092497,"f4eb4a82-e6ac-4ecb-9add-73f35d0ff0d8",3352,"29","Madrid",5,7,2013,1,2,"20130702"
"83.39.129.137","ES",-3.6922,40.4086,"AS3352 TELEFONICA DE ESPANA","mlab2-mad01",0.08461,285133.44,,"linux2","213.200.103.160","speedtest",1372755618,28615.922,0.093823,"f4eb4a82-e6ac-4ecb-9add-73f35d0ff0d8",3352,"29","Madrid",9,7,2013,1,2,"20130702"
"83.39.129.137","ES",-3.6922,40.4086,"AS3352 TELEFONICA DE ESPANA","mlab2-mad01",0.087981,280837.72,,"linux2","213.200.103.160","speedtest",1372760029,22668.908,0.103659,"f4eb4a82-e6ac-4ecb-9add-73f35d0ff0d8",3352,"29","Madrid",10,7,2013,1,2,"20130702"
"81.184.35.142","ES",2.1741,41.3984,"AS6739 Cableuropa - ONO","mlab2-mad01",0.038681,3323212.8,,"darwin","213.200.103.160","speedtest",1372761315,138667.19,0.043043,"d819736b-5ed3-4984-b542-ae4ca3b45457",6739,"56","Barcelona",10,7,2013,1,2,"20130702"
"83.39.129.137","ES",-3.6922,40.4086,"AS3352 TELEFONICA DE ESPANA","mlab2-mad01",0.07979,292333.53,,"linux2","213.200.103.160","speedtest",1372764433,29289.646,0.091008,"f4eb4a82-e6ac-4ecb-9add-73f35d0ff0d8",3352,"29","Madrid",11,7,2013,1,2,"20130702"
"83.39.129.137","ES",-3.6922,40.4086,"AS3352 TELEFONICA DE ESPANA","mlab2-mad01",0.173141,109629.27,,"linux2","213.200.103.160","speedtest",1372768887,12882.175,0.131814,"f4eb4a82-e6ac-4ecb-9add-73f35d0ff0d8",3352,"29","Madrid",12,7,2013,1,2,"20130702"
"83.39.129.137","ES",-3.6922,40.4086,"AS3352 TELEFONICA DE ESPANA","mlab2-mad01",0.083116,272927.1,,"linux2","213.200.103.160","speedtest",1372777752,25531.092,0.098171,"f4eb4a82-e6ac-4ecb-9add-73f35d0ff0d8",3352,"29","Madrid",15,7,2013,1,2,"20130702"
"81.184.35.142","ES",2.1741,41.3984,"AS6739 Cableuropa - ONO","mlab2-mad01",0.06033,1185059.5,,"darwin","213.200.103.160","speedtest",1372783298,46034.477,0.241036,"d819736b-5ed3-4984-b542-ae4ca3b45457",6739,"56","Barcelona",16,7,2013,1,2,"20130702"
"95.19.125.107","ES",-4.0,40.0,"AS12715 Jazz Telecom S.A.","mlab2-mad01",3.26E-4,1377765.8,,"win32","213.200.103.160","speedtest",1372787306,32671.443,0.15822,"82d99cde-4d85-47cc-b4fd-96c1da73e5ce",12715,"","",17,7,2013,1,2,"20130702"
"83.39.129.137","ES",-3.6922,40.4086,"AS3352 TELEFONICA DE ESPANA","mlab2-mad01",0.218354,103461.22,,"linux2","213.200.103.160","speedtest",1372791117,12412.456,0.378676,"f4eb4a82-e6ac-4ecb-9add-73f35d0ff0d8",3352,"29","Madrid",18,7,2013,1,2,"20130702"
"83.39.129.137","ES",-3.6922,40.4086,"AS3352 TELEFONICA DE ESPANA","mlab2-mad01",0.235275,87873.08,,"linux2","213.200.103.160","speedtest",1372795570,13493.485,0.348327,"f4eb4a82-e6ac-4ecb-9add-73f35d0ff0d8",3352,"29","Madrid",20,7,2013,1,2,"20130702"
"83.39.129.137","ES",-3.6922,40.4086,"AS3352 TELEFONICA DE ESPANA","mlab2-mad01",0.274314,212425.2,,"linux2","213.200.103.160","speedtest",1372800002,19618.195,0.182117,"f4eb4a82-e6ac-4ecb-9add-73f35d0ff0d8",3352,"29","Madrid",21,7,2013,1,2,"20130702"
"188.87.68.39","ES",-4.0,40.0,"AS12357 VODAFONE ESPANA S.A.U.","mlab2-mad01",0.143075,150606.86,,"darwin","213.200.103.160","speedtest",1372801014,13513.889,0.113619,"a29755de-06ec-47da-a6c4-2a57d9522bc6",12357,"","",21,7,2013,1,2,"20130702"
"83.35.225.172","ES",-0.4667,39.4333,"AS3352 TELEFONICA DE ESPANA","mlab2-mad01",3.44E-4,475927.38,,"win32","213.200.103.160","speedtest",1372802220,99639.38,0.119704,"f126dccc-72d7-44cf-9d18-7e2ca5f84cb5",3352,"60","Torrente",21,7,2013,1,2,"20130702"
"83.39.129.137","ES",-3.6922,40.4086,"AS3352 TELEFONICA DE ESPANA","mlab2-mad01",0.096901,218471.22,,"linux2","213.200.103.160","speedtest",1372804420,28042.309,0.101281,"f4eb4a82-e6ac-4ecb-9add-73f35d0ff0d8",3352,"29","Madrid",22,7,2013,1,2,"20130702"
"91.200.117.76","ES",-1.8998,43.3139,"AS174 Cogent/PSI","mlab2-lga02",2.28241,14277.281,,"win32","38.106.70.159","speedtest",1372799861,66364.21,1.069605,"6f67f79b-4192-479a-a11a-513952186bbe",174,"59","Renter�a",21,7,2013,1,2,"20130702"
"82.130.210.63","ES",-17.1133,28.0916,"AS12338 Euskaltel S.A.","mlab3-mad01",0.017415,99864.695,,"win32","213.200.103.173","speedtest",1372723419,34784.508,0.921794,"6f67f79b-4192-479a-a11a-513952186bbe",12338,"59","San Sebastian",0,7,2013,1,2,"20130702"
"83.39.129.137","ES",-3.6922,40.4086,"AS3352 TELEFONICA DE ESPANA","mlab3-mad01",0.088835,283800.5,,"linux2","213.200.103.173","speedtest",1372724734,32047.338,0.097263,"f4eb4a82-e6ac-4ecb-9add-73f35d0ff0d8",3352,"29","Madrid",0,7,2013,1,2,"20130702"
"81.184.35.142","ES",2.1741,41.3984,"AS6739 Cableuropa - ONO","mlab3-mad01",0.03972,3412930.2,,"darwin","213.200.103.173","speedtest",1372730554,139117.25,0.04396,"d819736b-5ed3-4984-b542-ae4ca3b45457",6739,"56","Barcelona",2,7,2013,1,2,"20130702"
"83.39.129.137","ES",-3.6922,40.4086,"AS3352 TELEFONICA DE ESPANA","mlab3-mad01",0.078808,302272.84,,"linux2","213.200.103.173","speedtest",1372737967,23618.121,0.088732,"f4eb4a82-e6ac-4ecb-9add-73f35d0ff0d8",3352,"29","Madrid",4,7,2013,1,2,"20130702"
"81.184.35.142","ES",2.1741,41.3984,"AS6739 Cableuropa - ONO","mlab3-mad01",0.038562,3407144.5,,"darwin","213.200.103.173","speedtest",1372739344,139085.52,0.043797,"d819736b-5ed3-4984-b542-ae4ca3b45457",6739,"56","Barcelona",4,7,2013,1,2,"20130702"
"82.130.210.63","ES",-17.1133,28.0916,"AS12338 Euskaltel S.A.","mlab3-mad01",1.725497,151441.56,,"win32","213.200.103.173","speedtest",1372748859,257262.38,2.035131,"6f67f79b-4192-479a-a11a-513952186bbe",12338,"59","San Sebastian",7,7,2013,1,2,"20130702"
"80.36.175.207","ES",-4.0,40.0,"AS3352 TELEFONICA DE ESPANA","mlab3-mad01",4.67E-4,693718.8,,"win32","213.200.103.173","speedtest",1372756506,13034.806,0.118049,"9b07cd9e-5e44-495b-aeb7-13e7c405fa29",3352,"","",9,7,2013,1,2,"20130702"
"81.184.35.142","ES",2.1741,41.3984,"AS6739 Cableuropa - ONO","mlab3-mad01",0.03919,3447140.0,,"darwin","213.200.103.173","speedtest",1372765709,136320.34,0.044876,"d819736b-5ed3-4984-b542-ae4ca3b45457",6739,"56","Barcelona",11,7,2013,1,2,"20130702"
"80.36.175.207","ES",-4.0,40.0,"AS3352 TELEFONICA DE ESPANA","mlab3-mad01",5.84E-4,950186.4,,"win32","213.200.103.173","speedtest",1372770516,28547.018,0.101075,"9b07cd9e-5e44-495b-aeb7-13e7c405fa29",3352,"","",13,7,2013,1,2,"20130702"
"80.36.175.207","ES",-4.0,40.0,"AS3352 TELEFONICA DE ESPANA","mlab3-mad01",4.31E-4,1128593.2,,"win32","213.200.103.173","speedtest",1372775178,24578.77,0.107887,"9b07cd9e-5e44-495b-aeb7-13e7c405fa29",3352,"","",14,7,2013,1,2,"20130702"
"81.184.35.142","ES",2.1741,41.3984,"AS6739 Cableuropa - ONO","mlab3-mad01",0.040922,3401666.8,,"darwin","213.200.103.173","speedtest",1372778884,139124.94,0.043838,"d819736b-5ed3-4984-b542-ae4ca3b45457",6739,"56","Barcelona",15,7,2013,1,2,"20130702"
"80.36.175.207","ES",-4.0,40.0,"AS3352 TELEFONICA DE ESPANA","mlab3-mad01",4.38E-4,807652.3,,"win32","213.200.103.173","speedtest",1372779843,22387.639,0.111091,"9b07cd9e-5e44-495b-aeb7-13e7c405fa29",3352,"","",15,7,2013,1,2,"20130702"
"95.19.125.107","ES",-4.0,40.0,"AS12715 Jazz Telecom S.A.","mlab3-mad01",3.11E-4,1072095.5,,"win32","213.200.103.173","speedtest",1372782417,262269.38,0.091597,"82d99cde-4d85-47cc-b4fd-96c1da73e5ce",12715,"","",16,7,2013,1,2,"20130702"
"81.184.35.142","ES",2.1741,41.3984,"AS6739 Cableuropa - ONO","mlab3-mad01",0.057954,3668982.8,,"darwin","213.200.103.173","speedtest",1372787718,15596.943,0.233466,"d819736b-5ed3-4984-b542-ae4ca3b45457",6739,"56","Barcelona",17,7,2013,1,2,"20130702"
"81.184.35.142","ES",2.1741,41.3984,"AS6739 Cableuropa - ONO","mlab3-mad01",0.057258,3467980.8,,"darwin","213.200.103.173","speedtest",1372796541,112068.32,0.151729,"d819736b-5ed3-4984-b542-ae4ca3b45457",6739,"56","Barcelona",20,7,2013,1,2,"20130702"
"81.184.35.142","ES",2.1741,41.3984,"AS6739 Cableuropa - ONO","mlab3-mad01",0.040213,3341576.8,,"darwin","213.200.103.173","speedtest",1372805331,138818.92,0.043841,"d819736b-5ed3-4984-b542-ae4ca3b45457",6739,"56","Barcelona",22,7,2013,1,2,"20130702"
"81.184.35.142","ES",2.1741,41.3984,"AS6739 Cableuropa - ONO","mlab2-mad01",0.039932,3256399.0,,"darwin","213.200.103.160","speedtest",1368923193,139025.95,0.043862,"d819736b-5ed3-4984-b542-ae4ca3b45457",6739,"56","Barcelona",0,5,2013,6,19,"20130519"
"193.152.151.58","ES",-3.6922,40.4086,"AS3352 TELEFONICA DE ESPANA","mlab2-mad01",0.083841,47335.855,,"linux2","213.200.103.160","speedtest",1368924754,29317.564,0.183839,"f4eb4a82-e6ac-4ecb-9add-73f35d0ff0d8",3352,"29","Madrid",0,5,2013,6,19,"20130519"
"81.184.35.142","ES",2.1741,41.3984,"AS6739 Cableuropa - ONO","mlab2-mad01",0.040033,3326256.0,,"darwin","213.200.103.160","speedtest",1368927844,138332.38,0.043953,"d819736b-5ed3-4984-b542-ae4ca3b45457",6739,"56","Barcelona",1,5,2013,6,19,"20130519"
"81.184.35.142","ES",2.1741,41.3984,"AS6739 Cableuropa - ONO","mlab2-mad01",0.039556,3411064.2,,"darwin","213.200.103.160","speedtest",1368937133,139417.61,0.043941,"d819736b-5ed3-4984-b542-ae4ca3b45457",6739,"56","Barcelona",4,5,2013,6,19,"20130519"
"193.152.151.58","ES",-3.6922,40.4086,"AS3352 TELEFONICA DE ESPANA","mlab2-mad01",0.083902,286377.88,,"linux2","213.200.103.160","speedtest",1368941598,27715.643,0.098638,"f4eb4a82-e6ac-4ecb-9add-73f35d0ff0d8",3352,"29","Madrid",5,5,2013,6,19,"20130519"
"81.184.35.142","ES",2.1741,41.3984,"AS6739 Cableuropa - ONO","mlab2-mad01",0.039265,3387167.0,,"darwin","213.200.103.160","speedtest",1368941778,139183.16,0.044224,"d819736b-5ed3-4984-b542-ae4ca3b45457",6739,"56","Barcelona",5,5,2013,6,19,"20130519"
"81.184.35.142","ES",2.1741,41.3984,"AS6739 Cableuropa - ONO","mlab2-mad01",0.040057,3346900.2,,"darwin","213.200.103.160","speedtest",1368951073,138254.0,0.045164,"d819736b-5ed3-4984-b542-ae4ca3b45457",6739,"56","Barcelona",8,5,2013,6,19,"20130519"
"81.184.35.142","ES",2.1741,41.3984,"AS6739 Cableuropa - ONO","mlab2-mad01",0.045125,3349795.8,,"darwin","213.200.103.160","speedtest",1368955719,138931.27,0.044727,"d819736b-5ed3-4984-b542-ae4ca3b45457",6739,"56","Barcelona",9,5,2013,6,19,"20130519"
"95.23.201.247","ES",-0.8511,37.7409,"AS12715 Jazz Telecom S.A.","mlab2-mad01",2.95E-4,1881072.1,,"win32","213.200.103.160","speedtest",1368957342,257016.77,0.102429,"82d99cde-4d85-47cc-b4fd-96c1da73e5ce",12715,"31","Los Alc�zares",9,5,2013,6,19,"20130519"
"95.23.201.247","ES",-0.8511,37.7409,"AS12715 Jazz Telecom S.A.","mlab2-mad01",3.3E-4,1695174.4,,"win32","213.200.103.160","speedtest",1368962202,269948.25,0.088306,"82d99cde-4d85-47cc-b4fd-96c1da73e5ce",12715,"31","Los Alc�zares",11,5,2013,6,19,"20130519"
"81.184.35.142","ES",2.1741,41.3984,"AS6739 Cableuropa - ONO","mlab2-mad01",0.040771,3333387.2,,"darwin","213.200.103.160","speedtest",1368965017,139051.55,0.0448,"d819736b-5ed3-4984-b542-ae4ca3b45457",6739,"56","Barcelona",12,5,2013,6,19,"20130519"
"193.152.151.58","ES",-3.6922,40.4086,"AS3352 TELEFONICA DE ESPANA","mlab2-mad01",0.084673,283967.97,,"linux2","213.200.103.160","speedtest",1368966845,30659.176,0.103405,"f4eb4a82-e6ac-4ecb-9add-73f35d0ff0d8",3352,"29","Madrid",12,5,2013,6,19,"20130519"
"81.184.35.142","ES",2.1741,41.3984,"AS6739 Cableuropa - ONO","mlab2-mad01",0.039892,3779071.5,,"darwin","213.200.103.160","speedtest",1368984382,127984.06,0.04433,"d819736b-5ed3-4984-b542-ae4ca3b45457",6739,"56","Barcelona",17,5,2013,6,19,"20130519"
"193.152.151.58","ES",-3.6922,40.4086,"AS3352 TELEFONICA DE ESPANA","mlab2-mad01",0.084323,278795.72,,"linux2","213.200.103.160","speedtest",1368992088,21720.738,0.09976,"f4eb4a82-e6ac-4ecb-9add-73f35d0ff0d8",3352,"29","Madrid",19,5,2013,6,19,"20130519"
"193.152.151.58","ES",-3.6922,40.4086,"AS3352 TELEFONICA DE ESPANA","mlab2-mad01",0.084088,287535.16,,"linux2","213.200.103.160","speedtest",1368996295,27818.184,0.108215,"f4eb4a82-e6ac-4ecb-9add-73f35d0ff0d8",3352,"29","Madrid",20,5,2013,6,19,"20130519"
"193.152.151.58","ES",-3.6922,40.4086,"AS3352 TELEFONICA DE ESPANA","mlab2-mad01",0.084591,267938.22,,"linux2","213.200.103.160","speedtest",1369000541,23306.945,0.108573,"f4eb4a82-e6ac-4ecb-9add-73f35d0ff0d8",3352,"29","Madrid",21,5,2013,6,19,"20130519"
"79.150.123.148","ES",-0.25,39.7167,"AS3352 TELEFONICA DE ESPANA","mlab2-mad01",0.001645,352471.72,,"win32","213.200.103.160","speedtest",1369002503,46316.98,0.145909,"f126dccc-72d7-44cf-9d18-7e2ca5f84cb5",3352,"60","Faura",22,5,2013,6,19,"20130519"
"81.184.35.142","ES",2.1741,41.3984,"AS6739 Cableuropa - ONO","mlab2-mad01",0.03937,2409680.0,,"darwin","213.200.103.160","speedtest",1369007746,94123.914,0.043757,"d819736b-5ed3-4984-b542-ae4ca3b45457",6739,"56","Barcelona",23,5,2013,6,19,"20130519"
"79.150.123.148","ES",-0.25,39.7167,"AS3352 TELEFONICA DE ESPANA","mlab3-mad01",0.01148,449520.1,,"win32","213.200.103.173","speedtest",1368935639,55182.074,0.214232,"f126dccc-72d7-44cf-9d18-7e2ca5f84cb5",3352,"60","Faura",3,5,2013,6,19,"20130519"
"95.23.201.247","ES",-0.8511,37.7409,"AS12715 Jazz Telecom S.A.","mlab3-mad01",3.34E-4,2219699.0,,"win32","213.200.103.173","speedtest",1368942713,283878.84,0.088797,"82d99cde-4d85-47cc-b4fd-96c1da73e5ce",12715,"31","Los Alc�zares",5,5,2013,6,19,"20130519"
"81.184.35.142","ES",2.1741,41.3984,"AS6739 Cableuropa - ONO","mlab3-mad01",0.040397,3411929.5,,"darwin","213.200.103.173","speedtest",1368946423,139093.92,0.043782,"d819736b-5ed3-4984-b542-ae4ca3b45457",6739,"56","Barcelona",6,5,2013,6,19,"20130519"
"95.23.201.247","ES",-0.8511,37.7409,"AS12715 Jazz Telecom S.A.","mlab3-mad01",3.98E-4,494524.7,,"win32","213.200.103.173","speedtest",1368952477,180177.86,1.747245,"82d99cde-4d85-47cc-b4fd-96c1da73e5ce",12715,"31","Los Alc�zares",8,5,2013,6,19,"20130519"
"193.152.151.58","ES",-3.6922,40.4086,"AS3352 TELEFONICA DE ESPANA","mlab3-mad01",0.117553,292166.0,,"linux2","213.200.103.173","speedtest",1368958435,21892.096,0.112983,"f4eb4a82-e6ac-4ecb-9add-73f35d0ff0d8",3352,"29","Madrid",10,5,2013,6,19,"20130519"
"81.184.35.142","ES",2.1741,41.3984,"AS6739 Cableuropa - ONO","mlab3-mad01",0.038421,3450976.5,,"darwin","213.200.103.173","speedtest",1368969661,139452.5,0.044481,"d819736b-5ed3-4984-b542-ae4ca3b45457",6739,"56","Barcelona",13,5,2013,6,19,"20130519"
"81.184.35.142","ES",2.1741,41.3984,"AS6739 Cableuropa - ONO","mlab3-mad01",0.03815,3404515.5,,"darwin","213.200.103.173","speedtest",1368974304,139525.67,0.04432,"d819736b-5ed3-4984-b542-ae4ca3b45457",6739,"56","Barcelona",14,5,2013,6,19,"20130519"
"79.150.123.148","ES",-0.25,39.7167,"AS3352 TELEFONICA DE ESPANA","mlab3-mad01",0.001164,354102.25,,"win32","213.200.103.173","speedtest",1368974474,25046.19,0.333971,"f126dccc-72d7-44cf-9d18-7e2ca5f84cb5",3352,"60","Faura",14,5,2013,6,19,"20130519"
"193.152.151.58","ES",-3.6922,40.4086,"AS3352 TELEFONICA DE ESPANA","mlab3-mad01",0.083528,270251.6,,"linux2","213.200.103.173","speedtest",1368979460,27219.217,0.099528,"f4eb4a82-e6ac-4ecb-9add-73f35d0ff0d8",3352,"29","Madrid",16,5,2013,6,19,"20130519"
"188.77.34.120","ES",-0.9862,37.6051,"AS12715 Jazz Telecom S.A.","mlab3-mad01",3.65E-4,2097068.8,,"win32","213.200.103.173","speedtest",1368982415,277027.94,0.094594,"82d99cde-4d85-47cc-b4fd-96c1da73e5ce",12715,"31","Cartagena",16,5,2013,6,19,"20130519"
"193.152.151.58","ES",-3.6922,40.4086,"AS3352 TELEFONICA DE ESPANA","mlab3-mad01",0.078749,292276.1,,"linux2","213.200.103.173","speedtest",1368983671,25068.025,0.093807,"f4eb4a82-e6ac-4ecb-9add-73f35d0ff0d8",3352,"29","Madrid",17,5,2013,6,19,"20130519"
"193.152.151.58","ES",-3.6922,40.4086,"AS3352 TELEFONICA DE ESPANA","mlab3-mad01",0.08847,289065.88,,"linux2","213.200.103.173","speedtest",1368987878,27499.236,0.107794,"f4eb4a82-e6ac-4ecb-9add-73f35d0ff0d8",3352,"29","Madrid",18,5,2013,6,19,"20130519"
"81.184.35.142","ES",2.1741,41.3984,"AS6739 Cableuropa - ONO","mlab3-mad01",0.039085,3394721.2,,"darwin","213.200.103.173","speedtest",1368989100,133351.88,0.044221,"d819736b-5ed3-4984-b542-ae4ca3b45457",6739,"56","Barcelona",18,5,2013,6,19,"20130519"
"79.108.210.184","ES",-0.2167,39.65,"AS6739 Cableuropa - ONO","mlab3-mad01",0.074444,33200.53,,"win32","213.200.103.173","speedtest",1368990409,128404.36,0.073922,"2b02e432-694a-4701-b88f-66fb387d7e6e",6739,"60","Puerto De Sagunto",19,5,2013,6,19,"20130519"
"188.77.34.120","ES",-0.9862,37.6051,"AS12715 Jazz Telecom S.A.","mlab3-mad01",3.59E-4,1455276.4,,"win32","213.200.103.173","speedtest",1368991435,275803.7,0.088912,"82d99cde-4d85-47cc-b4fd-96c1da73e5ce",12715,"31","Cartagena",19,5,2013,6,19,"20130519"
"79.150.123.148","ES",-0.25,39.7167,"AS3352 TELEFONICA DE ESPANA","mlab3-mad01",0.00104,670222.7,,"win32","213.200.103.173","speedtest",1368997767,32339.361,0.138841,"f126dccc-72d7-44cf-9d18-7e2ca5f84cb5",3352,"60","Faura",21,5,2013,6,19,"20130519"
"81.184.35.142","ES",2.1741,41.3984,"AS6739 Cableuropa - ONO","mlab3-mad01",1.358307,2500258.5,,"darwin","213.200.103.173","speedtest",1368998454,95383.914,0.044406,"d819736b-5ed3-4984-b542-ae4ca3b45457",6739,"56","Barcelona",21,5,2013,6,19,"20130519"
"81.184.35.142","ES",2.1741,41.3984,"AS6739 Cableuropa - ONO","mlab3-mad01",0.039525,2608381.5,,"darwin","213.200.103.173","speedtest",1369003101,87215.625,0.055043,"d819736b-5ed3-4984-b542-ae4ca3b45457",6739,"56","Barcelona",22,5,2013,6,19,"20130519"
"79.150.123.148","ES",-0.25,39.7167,"AS3352 TELEFONICA DE ESPANA","mlab3-mad01",0.001481,441096.38,,"win32","213.200.103.173","speedtest",1369007222,45348.473,0.132201,"f126dccc-72d7-44cf-9d18-7e2ca5f84cb5",3352,"60","Faura",23,5,2013,6,19,"20130519"
"193.152.151.58","ES",-3.6922,40.4086,"AS3352 TELEFONICA DE ESPANA","mlab1-mad01",0.084546,68583.01,,"linux2","213.200.103.147","speedtest",1368928968,27424.197,0.126624,"f4eb4a82-e6ac-4ecb-9add-73f35d0ff0d8",3352,"29","Madrid",2,5,2013,6,19,"20130519"
"81.184.35.142","ES",2.1741,41.3984,"AS6739 Cableuropa - ONO","mlab1-mad01",0.03907,3353780.5,,"darwin","213.200.103.147","speedtest",1368932488,135896.4,0.043847,"d819736b-5ed3-4984-b542-ae4ca3b45457",6739,"56","Barcelona",3,5,2013,6,19,"20130519"
"193.152.151.58","ES",-3.6922,40.4086,"AS3352 TELEFONICA DE ESPANA","mlab1-mad01",0.159236,128813.91,,"linux2","213.200.103.147","speedtest",1368933180,27576.426,0.09916,"f4eb4a82-e6ac-4ecb-9add-73f35d0ff0d8",3352,"29","Madrid",3,5,2013,6,19,"20130519"
"193.152.151.58","ES",-3.6922,40.4086,"AS3352 TELEFONICA DE ESPANA","mlab1-mad01",0.082972,307141.84,,"linux2","213.200.103.147","speedtest",1368937387,28313.064,0.105376,"f4eb4a82-e6ac-4ecb-9add-73f35d0ff0d8",3352,"29","Madrid",4,5,2013,6,19,"20130519"
"193.152.151.58","ES",-3.6922,40.4086,"AS3352 TELEFONICA DE ESPANA","mlab1-mad01",0.088978,269505.62,,"linux2","213.200.103.147","speedtest",1368945807,27722.809,0.104125,"f4eb4a82-e6ac-4ecb-9add-73f35d0ff0d8",3352,"29","Madrid",6,5,2013,6,19,"20130519"
"95.23.201.247","ES",-0.8511,37.7409,"AS12715 Jazz Telecom S.A.","mlab1-mad01",3.27E-4,1490314.5,,"win32","213.200.103.147","speedtest",1368947574,268772.47,0.093501,"82d99cde-4d85-47cc-b4fd-96c1da73e5ce",12715,"31","Los Alc�zares",7,5,2013,6,19,"20130519"
"193.152.151.58","ES",-3.6922,40.4086,"AS3352 TELEFONICA DE ESPANA","mlab1-mad01",0.082774,280609.1,,"linux2","213.200.103.147","speedtest",1368950017,28276.314,0.099404,"f4eb4a82-e6ac-4ecb-9add-73f35d0ff0d8",3352,"29","Madrid",7,5,2013,6,19,"20130519"
"193.152.151.58","ES",-3.6922,40.4086,"AS3352 TELEFONICA DE ESPANA","mlab1-mad01",0.083,283850.03,,"linux2","213.200.103.147","speedtest",1368954222,27325.484,0.102336,"f4eb4a82-e6ac-4ecb-9add-73f35d0ff0d8",3352,"29","Madrid",9,5,2013,6,19,"20130519"
"81.184.35.142","ES",2.1741,41.3984,"AS6739 Cableuropa - ONO","mlab1-mad01",0.039955,3350743.8,,"darwin","213.200.103.147","speedtest",1368960368,139385.56,0.044045,"d819736b-5ed3-4984-b542-ae4ca3b45457",6739,"56","Barcelona",10,5,2013,6,19,"20130519"
"193.152.151.58","ES",-3.6922,40.4086,"AS3352 TELEFONICA DE ESPANA","mlab1-mad01",0.087769,284776.28,,"linux2","213.200.103.147","speedtest",1368962639,28704.998,0.121141,"f4eb4a82-e6ac-4ecb-9add-73f35d0ff0d8",3352,"29","Madrid",11,5,2013,6,19,"20130519"
"79.150.123.148","ES",-0.25,39.7167,"AS3352 TELEFONICA DE ESPANA","mlab1-mad01",0.001079,411448.62,,"win32","213.200.103.147","speedtest",1368969752,44990.184,0.271965,"f126dccc-72d7-44cf-9d18-7e2ca5f84cb5",3352,"60","Faura",13,5,2013,6,19,"20130519"
"193.152.151.58","ES",-3.6922,40.4086,"AS3352 TELEFONICA DE ESPANA","mlab1-mad01",0.087985,270316.22,,"linux2","213.200.103.147","speedtest",1368971052,26656.96,0.100774,"f4eb4a82-e6ac-4ecb-9add-73f35d0ff0d8",3352,"29","Madrid",13,5,2013,6,19,"20130519"
"193.152.151.58","ES",-3.6922,40.4086,"AS3352 TELEFONICA DE ESPANA","mlab1-mad01",0.088201,271825.1,,"linux2","213.200.103.147","speedtest",1368975256,26720.05,0.101886,"f4eb4a82-e6ac-4ecb-9add-73f35d0ff0d8",3352,"29","Madrid",14,5,2013,6,19,"20130519"
"81.184.35.142","ES",2.1741,41.3984,"AS6739 Cableuropa - ONO","mlab1-mad01",0.372868,827983.4,,"darwin","213.200.103.147","speedtest",1368979732,7998.7876,0.456108,"d819736b-5ed3-4984-b542-ae4ca3b45457",6739,"56","Barcelona",16,5,2013,6,19,"20130519"
"188.77.34.120","ES",-0.9862,37.6051,"AS12715 Jazz Telecom S.A.","mlab1-mad01",3.49E-4,1595979.8,,"win32","213.200.103.147","speedtest",1368986933,252245.81,0.094759,"82d99cde-4d85-47cc-b4fd-96c1da73e5ce",12715,"31","Cartagena",18,5,2013,6,19,"20130519"
"79.150.123.148","ES",-0.25,39.7167,"AS3352 TELEFONICA DE ESPANA","mlab1-mad01",4.6E-4,39723.29,,"win32","213.200.103.147","speedtest",1368993047,23411.418,0.142258,"f126dccc-72d7-44cf-9d18-7e2ca5f84cb5",3352,"60","Faura",19,5,2013,6,19,"20130519"
"81.184.35.142","ES",2.1741,41.3984,"AS6739 Cableuropa - ONO","mlab1-mad01",0.040968,2618416.0,,"darwin","213.200.103.147","speedtest",1368993761,76726.27,0.046593,"d819736b-5ed3-4984-b542-ae4ca3b45457",6739,"56","Barcelona",20,5,2013,6,19,"20130519"
"193.152.151.58","ES",-3.6922,40.4086,"AS3352 TELEFONICA DE ESPANA","mlab1-mad01",1.153065,70509.02,,"linux2","213.200.103.147","speedtest",1369004789,29401.418,0.1007,"f4eb4a82-e6ac-4ecb-9add-73f35d0ff0d8",3352,"29","Madrid",23,5,2013,6,19,"20130519"
"109.69.8.72","ES",2.1741,41.3984,"AS49835 Fundacio Privada per a la Xarxa Lliure, Oberta i Neutral, guifi.net","mlab3-mad01",0.025248,874176.8,,"linux2","213.200.103.173","speedtest",1341965539,661498.44,0.02496,"71d22d52-7305-4391-9db4-e68d729b8d8e",49835,"56","Barcelona",0,7,2012,2,11,"20120711"
"62.57.164.27","ES",2.1741,41.3984,"AS6739 Cableuropa - ONO","mlab3-mad01",0.038543,5503651.0,,"darwin","213.200.103.173","speedtest",1341968359,575489.7,0.04015,"d819736b-5ed3-4984-b542-ae4ca3b45457",6739,"56","Barcelona",0,7,2012,2,11,"20120711"
"109.69.8.72","ES",2.1741,41.3984,"AS49835 Fundacio Privada per a la Xarxa Lliure, Oberta i Neutral, guifi.net","mlab3-mad01",0.023181,790287.7,,"linux2","213.200.103.173","speedtest",1341971626,1153163.5,0.024322,"71d22d52-7305-4391-9db4-e68d729b8d8e",49835,"56","Barcelona",1,7,2012,2,11,"20120711"
"62.57.164.27","ES",2.1741,41.3984,"AS6739 Cableuropa - ONO","mlab3-mad01",0.039948,5618951.5,,"darwin","213.200.103.173","speedtest",1341974617,570729.0,0.039038,"d819736b-5ed3-4984-b542-ae4ca3b45457",6739,"56","Barcelona",2,7,2012,2,11,"20120711"
"62.57.164.27","ES",2.1741,41.3984,"AS6739 Cableuropa - ONO","mlab3-mad01",0.041379,5459710.0,,"darwin","213.200.103.173","speedtest",1341977746,567893.56,0.041876,"d819736b-5ed3-4984-b542-ae4ca3b45457",6739,"56","Barcelona",3,7,2012,2,11,"20120711"
"109.69.8.72","ES",2.1741,41.3984,"AS49835 Fundacio Privada per a la Xarxa Lliure, Oberta i Neutral, guifi.net","mlab3-mad01",0.019736,938049.06,,"linux2","213.200.103.173","speedtest",1341986840,763069.4,0.024374,"71d22d52-7305-4391-9db4-e68d729b8d8e",49835,"56","Barcelona",6,7,2012,2,11,"20120711"
"109.69.8.72","ES",2.1741,41.3984,"AS49835 Fundacio Privada per a la Xarxa Lliure, Oberta i Neutral, guifi.net","mlab3-mad01",0.026455,1111114.0,,"linux2","213.200.103.173","speedtest",1341995966,1198339.1,0.027043,"71d22d52-7305-4391-9db4-e68d729b8d8e",49835,"56","Barcelona",8,7,2012,2,11,"20120711"
"62.57.164.27","ES",2.1741,41.3984,"AS6739 Cableuropa - ONO","mlab3-mad01",0.040854,5398661.5,,"darwin","213.200.103.173","speedtest",1341996535,563823.6,0.039324,"d819736b-5ed3-4984-b542-ae4ca3b45457",6739,"56","Barcelona",8,7,2012,2,11,"20120711"
"91.126.133.237","ES",-4.0,40.0,"AS35699 Adamo Telecom Iberia S.A","mlab3-mad01",0.013359,2174994.0,,"win32","213.200.103.173","speedtest",1341996986,1460216.1,0.015798,"ca5ae8d4-9c43-48ee-a04a-b6da82b73b7d",35699,"","",8,7,2012,2,11,"20120711"
"109.69.8.72","ES",2.1741,41.3984,"AS49835 Fundacio Privada per a la Xarxa Lliure, Oberta i Neutral, guifi.net","mlab3-mad01",0.022404,930643.6,,"linux2","213.200.103.173","speedtest",1341999022,376443.38,0.029157,"71d22d52-7305-4391-9db4-e68d729b8d8e",49835,"56","Barcelona",9,7,2012,2,11,"20120711"
"91.126.133.237","ES",-4.0,40.0,"AS35699 Adamo Telecom Iberia S.A","mlab3-mad01",0.014725,1751110.1,,"win32","213.200.103.173","speedtest",1341999954,1887144.0,0.038736,"ca5ae8d4-9c43-48ee-a04a-b6da82b73b7d",35699,"","",9,7,2012,2,11,"20120711"
"109.69.8.72","ES",2.1741,41.3984,"AS49835 Fundacio Privada per a la Xarxa Lliure, Oberta i Neutral, guifi.net","mlab3-mad01",0.019327,894928.2,,"linux2","213.200.103.173","speedtest",1342008155,1098553.4,0.025684,"71d22d52-7305-4391-9db4-e68d729b8d8e",49835,"56","Barcelona",12,7,2012,2,11,"20120711"
"91.126.133.237","ES",-4.0,40.0,"AS35699 Adamo Telecom Iberia S.A","mlab3-mad01",0.013346,1507341.8,,"win32","213.200.103.173","speedtest",1342008876,1306631.0,0.015891,"ca5ae8d4-9c43-48ee-a04a-b6da82b73b7d",35699,"","",12,7,2012,2,11,"20120711"
"62.57.164.27","ES",2.1741,41.3984,"AS6739 Cableuropa - ONO","mlab3-mad01",0.040954,5410001.0,,"darwin","213.200.103.173","speedtest",1342018468,557585.9,0.039063,"d819736b-5ed3-4984-b542-ae4ca3b45457",6739,"56","Barcelona",14,7,2012,2,11,"20120711"
"91.126.133.237","ES",-4.0,40.0,"AS35699 Adamo Telecom Iberia S.A","mlab3-mad01",0.013373,1885868.6,,"win32","213.200.103.173","speedtest",1342023730,1646029.1,0.01523,"ca5ae8d4-9c43-48ee-a04a-b6da82b73b7d",35699,"","",16,7,2012,2,11,"20120711"
"62.57.164.27","ES",2.1741,41.3984,"AS6739 Cableuropa - ONO","mlab3-mad01",0.042065,4862956.5,,"darwin","213.200.103.173","speedtest",1342024742,496339.66,0.03853,"d819736b-5ed3-4984-b542-ae4ca3b45457",6739,"56","Barcelona",16,7,2012,2,11,"20120711"
"62.57.164.27","ES",2.1741,41.3984,"AS6739 Cableuropa - ONO","mlab3-mad01",0.041751,5160968.0,,"darwin","213.200.103.173","speedtest",1342027872,571644.3,0.041641,"d819736b-5ed3-4984-b542-ae4ca3b45457",6739,"56","Barcelona",17,7,2012,2,11,"20120711"
"109.69.8.72","ES",2.1741,41.3984,"AS49835 Fundacio Privada per a la Xarxa Lliure, Oberta i Neutral, guifi.net","mlab3-mad01",0.029974,812582.25,,"linux2","213.200.103.173","speedtest",1342029481,656638.25,0.033049,"71d22d52-7305-4391-9db4-e68d729b8d8e",49835,"56","Barcelona",17,7,2012,2,11,"20120711"
"62.57.164.27","ES",2.1741,41.3984,"AS6739 Cableuropa - ONO","mlab3-mad01",0.038685,5489472.5,,"darwin","213.200.103.173","speedtest",1342031003,574667.94,0.039099,"d819736b-5ed3-4984-b542-ae4ca3b45457",6739,"56","Barcelona",18,7,2012,2,11,"20120711"
"178.139.107.195","ES",-4.0,40.0,"AS12430 VODAFONE ESPANA S.A.U.","mlab3-mad01",0.139193,150526.98,,"win32","213.200.103.173","speedtest",1342031560,77189.47,0.183448,"655218da-a3ed-4cf6-8f08-e7b93feb2e1d",12430,"","",18,7,2012,2,11,"20120711"
"109.69.8.72","ES",2.1741,41.3984,"AS49835 Fundacio Privada per a la Xarxa Lliure, Oberta i Neutral, guifi.net","mlab3-mad01",0.02468,882042.75,,"linux2","213.200.103.173","speedtest",1342035573,884576.5,0.027063,"71d22d52-7305-4391-9db4-e68d729b8d8e",49835,"56","Barcelona",19,7,2012,2,11,"20120711"
"83.46.184.48","ES",-4.0,40.0,"AS3352 TELEFONICA DE ESPANA","mlab3-mad01",0.179094,207810.2,,"darwin","213.200.103.173","speedtest",1342037734,25646.248,0.183218,"47052a13-36e1-4863-9aff-b59850a92e18",3352,"","",20,7,2012,2,11,"20120711"
"109.69.8.72","ES",2.1741,41.3984,"AS49835 Fundacio Privada per a la Xarxa Lliure, Oberta i Neutral, guifi.net","mlab3-mad01",0.022614,902108.6,,"linux2","213.200.103.173","speedtest",1342041659,1140355.9,0.025614,"71d22d52-7305-4391-9db4-e68d729b8d8e",49835,"56","Barcelona",21,7,2012,2,11,"20120711"
"77.208.171.111","ES",-4.0,40.0,"AS12430 VODAFONE ESPANA S.A.U.","mlab3-mad01",0.123508,85451.445,,"win32","213.200.103.173","speedtest",1342044623,36612.95,0.125215,"655218da-a3ed-4cf6-8f08-e7b93feb2e1d",12430,"","",22,7,2012,2,11,"20120711"
"62.57.164.27","ES",2.1741,41.3984,"AS6739 Cableuropa - ONO","mlab3-mad01",0.039533,5586845.5,,"darwin","213.200.103.173","speedtest",1342049789,582738.25,0.039007,"d819736b-5ed3-4984-b542-ae4ca3b45457",6739,"56","Barcelona",23,7,2012,2,11,"20120711"
"62.57.164.27","ES",2.1741,41.3984,"AS6739 Cableuropa - ONO","mlab1-mad01",0.03863,5509129.5,,"darwin","213.200.103.147","speedtest",1341965230,561361.3,0.038845,"d819736b-5ed3-4984-b542-ae4ca3b45457",6739,"56","Barcelona",0,7,2012,2,11,"20120711"
"109.69.8.72","ES",2.1741,41.3984,"AS49835 Fundacio Privada per a la Xarxa Lliure, Oberta i Neutral, guifi.net","mlab1-mad01",0.022003,1031661.25,,"linux2","213.200.103.147","speedtest",1341980755,1052777.8,0.023398,"71d22d52-7305-4391-9db4-e68d729b8d8e",49835,"56","Barcelona",4,7,2012,2,11,"20120711"
"109.69.8.72","ES",2.1741,41.3984,"AS49835 Fundacio Privada per a la Xarxa Lliure, Oberta i Neutral, guifi.net","mlab1-mad01",0.028123,934658.5,,"linux2","213.200.103.147","speedtest",1341983798,817231.25,0.024919,"71d22d52-7305-4391-9db4-e68d729b8d8e",49835,"56","Barcelona",5,7,2012,2,11,"20120711"
"62.57.164.27","ES",2.1741,41.3984,"AS6739 Cableuropa - ONO","mlab1-mad01",0.040822,5361188.5,,"darwin","213.200.103.147","speedtest",1341984006,570081.56,0.038697,"d819736b-5ed3-4984-b542-ae4ca3b45457",6739,"56","Barcelona",5,7,2012,2,11,"20120711"
"62.57.164.27","ES",2.1741,41.3984,"AS6739 Cableuropa - ONO","mlab1-mad01",0.041579,4855074.0,,"darwin","213.200.103.147","speedtest",1341987136,570326.2,0.03877,"d819736b-5ed3-4984-b542-ae4ca3b45457",6739,"56","Barcelona",6,7,2012,2,11,"20120711"
"109.69.8.72","ES",2.1741,41.3984,"AS49835 Fundacio Privada per a la Xarxa Lliure, Oberta i Neutral, guifi.net","mlab1-mad01",0.023553,1117700.4,,"linux2","213.200.103.147","speedtest",1341992924,1016713.56,0.027945,"71d22d52-7305-4391-9db4-e68d729b8d8e",49835,"56","Barcelona",7,7,2012,2,11,"20120711"
"91.126.133.237","ES",-4.0,40.0,"AS35699 Adamo Telecom Iberia S.A","mlab1-mad01",0.013563,2130254.2,,"win32","213.200.103.147","speedtest",1341994009,2081064.2,0.022803,"ca5ae8d4-9c43-48ee-a04a-b6da82b73b7d",35699,"","",8,7,2012,2,11,"20120711"
"62.57.164.27","ES",2.1741,41.3984,"AS6739 Cableuropa - ONO","mlab1-mad01",0.038562,5195810.0,,"darwin","213.200.103.147","speedtest",1341999671,562284.06,0.039084,"d819736b-5ed3-4984-b542-ae4ca3b45457",6739,"56","Barcelona",9,7,2012,2,11,"20120711"
"109.69.8.72","ES",2.1741,41.3984,"AS49835 Fundacio Privada per a la Xarxa Lliure, Oberta i Neutral, guifi.net","mlab1-mad01",0.027319,902427.0,,"linux2","213.200.103.147","speedtest",1342002066,605040.2,0.029115,"71d22d52-7305-4391-9db4-e68d729b8d8e",49835,"56","Barcelona",10,7,2012,2,11,"20120711"
"91.126.133.237","ES",-4.0,40.0,"AS35699 Adamo Telecom Iberia S.A","mlab1-mad01",0.013565,2386597.5,,"win32","213.200.103.147","speedtest",1342002924,2177613.0,0.014951,"ca5ae8d4-9c43-48ee-a04a-b6da82b73b7d",35699,"","",10,7,2012,2,11,"20120711"
"91.126.133.237","ES",-4.0,40.0,"AS35699 Adamo Telecom Iberia S.A","mlab1-mad01",0.023211,1448102.1,,"win32","213.200.103.147","speedtest",1342005899,1673675.9,0.015421,"ca5ae8d4-9c43-48ee-a04a-b6da82b73b7d",35699,"","",11,7,2012,2,11,"20120711"
"91.126.133.237","ES",-4.0,40.0,"AS35699 Adamo Telecom Iberia S.A","mlab1-mad01",0.050539,1860537.0,,"win32","213.200.103.147","speedtest",1342011847,1709745.4,0.015211,"ca5ae8d4-9c43-48ee-a04a-b6da82b73b7d",35699,"","",13,7,2012,2,11,"20120711"
"109.69.8.72","ES",2.1741,41.3984,"AS49835 Fundacio Privada per a la Xarxa Lliure, Oberta i Neutral, guifi.net","mlab1-mad01",0.024995,859822.94,,"linux2","213.200.103.147","speedtest",1342014246,764762.5,0.024719,"71d22d52-7305-4391-9db4-e68d729b8d8e",49835,"56","Barcelona",13,7,2012,2,11,"20120711"
"91.126.133.237","ES",-4.0,40.0,"AS35699 Adamo Telecom Iberia S.A","mlab1-mad01",0.013354,1556089.9,,"win32","213.200.103.147","speedtest",1342017791,1487584.0,0.019145,"ca5ae8d4-9c43-48ee-a04a-b6da82b73b7d",35699,"","",14,7,2012,2,11,"20120711"
"84.124.152.96","ES",-1.1168,37.9919,"AS6739 Cableuropa - ONO","mlab1-mad01",0.072297,3803800.5,,"win32","213.200.103.147","speedtest",1342018261,124344.54,0.028491,"82d99cde-4d85-47cc-b4fd-96c1da73e5ce",6739,"31","Murcia",14,7,2012,2,11,"20120711"
"109.69.8.72","ES",2.1741,41.3984,"AS49835 Fundacio Privada per a la Xarxa Lliure, Oberta i Neutral, guifi.net","mlab1-mad01",0.204223,551958.1,,"linux2","213.200.103.147","speedtest",1342020349,260742.58,0.194439,"71d22d52-7305-4391-9db4-e68d729b8d8e",49835,"56","Barcelona",15,7,2012,2,11,"20120711"
"91.126.133.237","ES",-4.0,40.0,"AS35699 Adamo Telecom Iberia S.A","mlab1-mad01",0.022663,1915709.0,,"win32","213.200.103.147","speedtest",1342020760,1696170.5,0.015822,"ca5ae8d4-9c43-48ee-a04a-b6da82b73b7d",35699,"","",15,7,2012,2,11,"20120711"
"62.57.164.27","ES",2.1741,41.3984,"AS6739 Cableuropa - ONO","mlab1-mad01",0.048928,5174625.5,,"darwin","213.200.103.147","speedtest",1342021610,471881.06,0.040237,"d819736b-5ed3-4984-b542-ae4ca3b45457",6739,"56","Barcelona",15,7,2012,2,11,"20120711"
"109.69.8.72","ES",2.1741,41.3984,"AS49835 Fundacio Privada per a la Xarxa Lliure, Oberta i Neutral, guifi.net","mlab1-mad01",0.022843,765473.5,,"linux2","213.200.103.147","speedtest",1342023397,1041046.94,0.025648,"71d22d52-7305-4391-9db4-e68d729b8d8e",49835,"56","Barcelona",16,7,2012,2,11,"20120711"
"109.69.8.72","ES",2.1741,41.3984,"AS49835 Fundacio Privada per a la Xarxa Lliure, Oberta i Neutral, guifi.net","mlab1-mad01",0.028349,816769.94,,"linux2","213.200.103.147","speedtest",1342026435,1050802.5,0.025569,"71d22d52-7305-4391-9db4-e68d729b8d8e",49835,"56","Barcelona",17,7,2012,2,11,"20120711"
"84.124.152.96","ES",-1.1168,37.9919,"AS6739 Cableuropa - ONO","mlab1-mad01",0.024911,3765942.5,,"win32","213.200.103.147","speedtest",1342029524,129840.78,0.027401,"82d99cde-4d85-47cc-b4fd-96c1da73e5ce",6739,"31","Murcia",17,7,2012,2,11,"20120711"
"109.69.8.72","ES",2.1741,41.3984,"AS49835 Fundacio Privada per a la Xarxa Lliure, Oberta i Neutral, guifi.net","mlab1-mad01",0.027768,937887.94,,"linux2","213.200.103.147","speedtest",1342032526,608071.9,0.034363,"71d22d52-7305-4391-9db4-e68d729b8d8e",49835,"56","Barcelona",18,7,2012,2,11,"20120711"
"62.57.164.27","ES",2.1741,41.3984,"AS6739 Cableuropa - ONO","mlab1-mad01",0.045402,4654511.0,,"darwin","213.200.103.147","speedtest",1342043532,479852.12,0.03932,"d819736b-5ed3-4984-b542-ae4ca3b45457",6739,"56","Barcelona",21,7,2012,2,11,"20120711"
"109.69.8.72","ES",2.1741,41.3984,"AS49835 Fundacio Privada per a la Xarxa Lliure, Oberta i Neutral, guifi.net","mlab1-mad01",1.463342,844136.2,,"linux2","213.200.103.147","speedtest",1342050814,1078850.1,0.02463,"71d22d52-7305-4391-9db4-e68d729b8d8e",49835,"56","Barcelona",23,7,2012,2,11,"20120711"
"109.69.8.72","ES",2.1741,41.3984,"AS49835 Fundacio Privada per a la Xarxa Lliure, Oberta i Neutral, guifi.net","mlab2-mad01",0.021038,848713.06,,"linux2","213.200.103.160","speedtest",1341968580,1017609.25,0.024285,"71d22d52-7305-4391-9db4-e68d729b8d8e",49835,"56","Barcelona",1,7,2012,2,11,"20120711"
"62.57.164.27","ES",2.1741,41.3984,"AS6739 Cableuropa - ONO","mlab2-mad01",0.042835,5608382.0,,"darwin","213.200.103.160","speedtest",1341971488,576079.5,0.038619,"d819736b-5ed3-4984-b542-ae4ca3b45457",6739,"56","Barcelona",1,7,2012,2,11,"20120711"
"109.69.8.72","ES",2.1741,41.3984,"AS49835 Fundacio Privada per a la Xarxa Lliure, Oberta i Neutral, guifi.net","mlab2-mad01",0.024459,809026.94,,"linux2","213.200.103.160","speedtest",1341974672,894046.4,0.026499,"71d22d52-7305-4391-9db4-e68d729b8d8e",49835,"56","Barcelona",2,7,2012,2,11,"20120711"
"109.69.8.72","ES",2.1741,41.3984,"AS49835 Fundacio Privada per a la Xarxa Lliure, Oberta i Neutral, guifi.net","mlab2-mad01",0.0264,965323.0,,"linux2","213.200.103.160","speedtest",1341977713,992360.2,0.026063,"71d22d52-7305-4391-9db4-e68d729b8d8e",49835,"56","Barcelona",3,7,2012,2,11,"20120711"
"62.57.164.27","ES",2.1741,41.3984,"AS6739 Cableuropa - ONO","mlab2-mad01",0.040014,5319450.0,,"darwin","213.200.103.160","speedtest",1341980876,570632.06,0.039256,"d819736b-5ed3-4984-b542-ae4ca3b45457",6739,"56","Barcelona",4,7,2012,2,11,"20120711"
"109.69.8.72","ES",2.1741,41.3984,"AS49835 Fundacio Privada per a la Xarxa Lliure, Oberta i Neutral, guifi.net","mlab2-mad01",0.026717,1047990.3,,"linux2","213.200.103.160","speedtest",1341989887,626300.5,0.031708,"71d22d52-7305-4391-9db4-e68d729b8d8e",49835,"56","Barcelona",6,7,2012,2,11,"20120711"
"62.57.164.27","ES",2.1741,41.3984,"AS6739 Cableuropa - ONO","mlab2-mad01",0.045068,5431193.0,,"darwin","213.200.103.160","speedtest",1341990266,569982.4,0.044586,"d819736b-5ed3-4984-b542-ae4ca3b45457",6739,"56","Barcelona",7,7,2012,2,11,"20120711"
"62.57.164.27","ES",2.1741,41.3984,"AS6739 Cableuropa - ONO","mlab2-mad01",0.075893,4623357.5,,"darwin","213.200.103.160","speedtest",1341993399,579781.06,0.038258,"d819736b-5ed3-4984-b542-ae4ca3b45457",6739,"56","Barcelona",7,7,2012,2,11,"20120711"
"83.46.184.48","ES",-4.0,40.0,"AS3352 TELEFONICA DE ESPANA","mlab2-mad01",0.106933,292813.12,,"darwin","213.200.103.160","speedtest",1342001787,31831.979,0.11659,"47052a13-36e1-4863-9aff-b59850a92e18",3352,"","",10,7,2012,2,11,"20120711"
"62.57.164.27","ES",2.1741,41.3984,"AS6739 Cableuropa - ONO","mlab2-mad01",0.041035,4705340.5,,"darwin","213.200.103.160","speedtest",1342002802,573764.9,0.040511,"d819736b-5ed3-4984-b542-ae4ca3b45457",6739,"56","Barcelona",10,7,2012,2,11,"20120711"
"109.69.8.72","ES",2.1741,41.3984,"AS49835 Fundacio Privada per a la Xarxa Lliure, Oberta i Neutral, guifi.net","mlab2-mad01",0.02346,1029176.9,,"linux2","213.200.103.160","speedtest",1342005109,828274.2,0.025262,"71d22d52-7305-4391-9db4-e68d729b8d8e",49835,"56","Barcelona",11,7,2012,2,11,"20120711"
"62.57.164.27","ES",2.1741,41.3984,"AS6739 Cableuropa - ONO","mlab2-mad01",0.042473,5242827.5,,"darwin","213.200.103.160","speedtest",1342005944,567206.44,0.042562,"d819736b-5ed3-4984-b542-ae4ca3b45457",6739,"56","Barcelona",11,7,2012,2,11,"20120711"
"62.57.164.27","ES",2.1741,41.3984,"AS6739 Cableuropa - ONO","mlab2-mad01",0.041364,5195580.5,,"darwin","213.200.103.160","speedtest",1342009079,473133.88,0.039511,"d819736b-5ed3-4984-b542-ae4ca3b45457",6739,"56","Barcelona",12,7,2012,2,11,"20120711"
"109.69.8.72","ES",2.1741,41.3984,"AS49835 Fundacio Privada per a la Xarxa Lliure, Oberta i Neutral, guifi.net","mlab2-mad01",0.041834,869449.2,,"linux2","213.200.103.160","speedtest",1342011202,925957.4,0.025211,"71d22d52-7305-4391-9db4-e68d729b8d8e",49835,"56","Barcelona",12,7,2012,2,11,"20120711"
"62.57.164.27","ES",2.1741,41.3984,"AS6739 Cableuropa - ONO","mlab2-mad01",0.055137,5320898.5,,"darwin","213.200.103.160","speedtest",1342012208,570195.0,0.038805,"d819736b-5ed3-4984-b542-ae4ca3b45457",6739,"56","Barcelona",13,7,2012,2,11,"20120711"
"91.126.133.237","ES",-4.0,40.0,"AS35699 Adamo Telecom Iberia S.A","mlab2-mad01",0.013415,1667889.6,,"win32","213.200.103.160","speedtest",1342014818,1469945.8,0.017459,"ca5ae8d4-9c43-48ee-a04a-b6da82b73b7d",35699,"","",13,7,2012,2,11,"20120711"
"62.57.164.27","ES",2.1741,41.3984,"AS6739 Cableuropa - ONO","mlab2-mad01",0.041126,5540021.0,,"darwin","213.200.103.160","speedtest",1342015337,571452.56,0.039315,"d819736b-5ed3-4984-b542-ae4ca3b45457",6739,"56","Barcelona",14,7,2012,2,11,"20120711"
"109.69.8.72","ES",2.1741,41.3984,"AS49835 Fundacio Privada per a la Xarxa Lliure, Oberta i Neutral, guifi.net","mlab2-mad01",0.026108,891149.8,,"linux2","213.200.103.160","speedtest",1342017298,485245.44,0.026478,"71d22d52-7305-4391-9db4-e68d729b8d8e",49835,"56","Barcelona",14,7,2012,2,11,"20120711"
"178.139.107.195","ES",-4.0,40.0,"AS12430 VODAFONE ESPANA S.A.U.","mlab2-mad01",0.132842,240706.06,,"win32","213.200.103.160","speedtest",1342028292,54024.773,0.126205,"655218da-a3ed-4cf6-8f08-e7b93feb2e1d",12430,"","",17,7,2012,2,11,"20120711"
"62.57.164.27","ES",2.1741,41.3984,"AS6739 Cableuropa - ONO","mlab2-mad01",0.042592,5454734.0,,"darwin","213.200.103.160","speedtest",1342034133,575312.94,0.039397,"d819736b-5ed3-4984-b542-ae4ca3b45457",6739,"56","Barcelona",19,7,2012,2,11,"20120711"
"62.57.164.27","ES",2.1741,41.3984,"AS6739 Cableuropa - ONO","mlab2-mad01",0.040847,5064532.5,,"darwin","213.200.103.160","speedtest",1342037263,546973.94,0.044783,"d819736b-5ed3-4984-b542-ae4ca3b45457",6739,"56","Barcelona",20,7,2012,2,11,"20120711"
"109.69.8.72","ES",2.1741,41.3984,"AS49835 Fundacio Privada per a la Xarxa Lliure, Oberta i Neutral, guifi.net","mlab2-mad01",0.024147,912894.2,,"linux2","213.200.103.160","speedtest",1342038614,839790.7,0.029638,"71d22d52-7305-4391-9db4-e68d729b8d8e",49835,"56","Barcelona",20,7,2012,2,11,"20120711"
"62.57.164.27","ES",2.1741,41.3984,"AS6739 Cableuropa - ONO","mlab2-mad01",0.041376,5245778.5,,"darwin","213.200.103.160","speedtest",1342040398,569490.06,0.038776,"d819736b-5ed3-4984-b542-ae4ca3b45457",6739,"56","Barcelona",20,7,2012,2,11,"20120711"
"109.69.8.72","ES",2.1741,41.3984,"AS49835 Fundacio Privada per a la Xarxa Lliure, Oberta i Neutral, guifi.net","mlab2-mad01",0.021384,802752.5,,"linux2","213.200.103.160","speedtest",1342044702,947516.9,0.024134,"71d22d52-7305-4391-9db4-e68d729b8d8e",49835,"56","Barcelona",22,7,2012,2,11,"20120711"
"62.57.164.27","ES",2.1741,41.3984,"AS6739 Cableuropa - ONO","mlab2-mad01",0.040882,5334358.0,,"darwin","213.200.103.160","speedtest",1342046660,471543.16,0.039723,"d819736b-5ed3-4984-b542-ae4ca3b45457",6739,"56","Barcelona",22,7,2012,2,11,"20120711"
"109.69.8.72","ES",2.1741,41.3984,"AS49835 Fundacio Privada per a la Xarxa Lliure, Oberta i Neutral, guifi.net","mlab2-mad01",0.026311,946285.56,,"linux2","213.200.103.160","speedtest",1342047741,930369.7,0.028869,"71d22d52-7305-4391-9db4-e68d729b8d8e",49835,"56","Barcelona",23,7,2012,2,11,"20120711"
"77.208.171.111","ES",-4.0,40.0,"AS12430 VODAFONE ESPANA S.A.U.","mlab2-mad01",0.125799,111594.805,,"win32","213.200.103.160","speedtest",1342047803,39913.434,0.130707,"655218da-a3ed-4cf6-8f08-e7b93feb2e1d",12430,"","",23,7,2012,2,11,"20120711"
